peso_mayer,peso_fng,peso_funding,b1,b2,b3,sortino_is,calmar_is,sharpe_is,max_dd_is,retorno_anual_is,exposicao_media,exposicao_media_abs,n_rebalanceios,n_recaps,descartada,motivo_descarte
0.0,0.0,1.0,0.5,1.0,1.5,-0.7637507063758501,-0.2518471806401591,-0.43790293429358707,-0.7547255498488339,-0.19007550188652267,-0.008999561861544901,0.2832002473221609,776,0,False,
0.0,0.0,1.0,0.5,1.0,2.0,-0.6673480914544039,-0.2163355090004636,-0.34769519489188394,-0.6892211840741106,-0.14910301567057493,-0.01126095355943773,0.2670935760811835,762,0,False,
0.0,0.0,1.0,0.5,1.0,2.5,-0.7628964261817334,-0.2297257469846181,-0.44552715860972564,-0.7153532381907975,-0.1643350570012464,-0.012623596979618311,0.2584580981515634,756,0,False,
0.0,0.0,1.0,0.5,1.0,3.0,-0.7839763588079591,-0.2354830889541946,-0.47164996500112516,-0.6942529145690545,-0.1634848208381735,-0.011766531633026977,0.2532678425940106,739,0,False,
0.0,0.0,1.0,0.5,1.5,2.0,-0.6595161950016875,-0.21044640064251993,-0.359487427035439,-0.6367786350488656,-0.13400777175209055,-0.007549298796731605,0.22904207931758025,709,0,True,exposicao<25%
0.0,0.0,1.0,0.5,1.5,2.5,-0.7898129114767526,-0.23044111551976082,-0.49584601198751355,-0.6671438097302475,-0.15373736372634128,-0.008940321953014417,0.22035770472957614,716,0,True,exposicao<25%
0.0,0.0,1.0,0.5,1.5,3.0,-0.822743852570789,-0.23728374252620305,-0.5361134942629366,-0.6482980642868053,-0.15383059096646612,-0.008017368848914772,0.2151448379551211,711,0,True,exposicao<25%
0.0,0.0,1.0,0.5,2.0,2.5,-0.6378152530163671,-0.1868698720550481,-0.3603319189036466,-0.5964531317412352,-0.11145912041531736,-0.011800765634448812,0.2046240418845476,661,0,True,exposicao<25%
0.0,0.0,1.0,0.5,2.0,3.0,-0.6765493757934854,-0.20426887593458826,-0.4033048404013012,-0.5516820208778002,-0.11269146627803028,-0.01092894528617323,0.1994562580580724,663,0,True,exposicao<25%
0.0,0.0,1.0,0.5,2.5,3.0,-0.8493523778532045,-0.2243249001824708,-0.5756900647303859,-0.6137233024455246,-0.13767341856074866,-0.012360212859008667,0.19104540919956134,630,0,True,exposicao<25%
0.0,0.0,1.0,1.0,1.5,2.0,-0.5115947754581675,-0.1545925911457433,-0.24750575892260265,-0.581370466964019,-0.08987556690357845,-0.004207285664150708,0.13626137151679724,468,0,True,exposicao<25%
0.0,0.0,1.0,1.0,1.5,2.5,-0.6674653104485104,-0.1794567120852219,-0.3989537022781236,-0.6163714089926537,-0.11061198648115722,-0.005596079289059901,0.12757712052135312,475,0,True,exposicao<25%
0.0,0.0,1.0,1.0,1.5,3.0,-0.7066760501185618,-0.19475189936898157,-0.4447776455061448,-0.5683952320436993,-0.11069605103278346,-0.004672579740326738,0.12236448357532774,470,0,True,exposicao<25%
0.0,0.0,1.0,1.0,2.0,2.5,-0.47893581112054484,-0.12797454260164565,-0.24377124014550264,-0.531157843817585,-0.06797468211183177,-0.007762670300891442,0.11130057104550582,443,0,True,exposicao<25%
0.0,0.0,1.0,1.0,2.0,3.0,-0.5256617259196985,-0.1457055773411115,-0.2918344124836589,-0.4752756644316255,-0.06925031508219037,-0.006890209272210523,0.10613318770238096,445,0,True,exposicao<25%
0.0,0.0,1.0,1.0,2.5,3.0,-0.746228426126733,-0.1809532733660708,-0.4998758288493679,-0.518390148693903,-0.09380439428688592,-0.008411358328218656,0.0976240411133604,426,0,True,exposicao<25%
0.0,0.0,1.0,1.5,2.0,2.5,-0.4791146011432091,-0.1277530604816349,-0.2551483865378969,-0.49336406725191095,-0.06302876952309877,-0.0037294428952944513,0.07287229426469014,273,0,True,exposicao<25%
0.0,0.0,1.0,1.5,2.0,3.0,-0.5338255268228366,-0.1478753598599926,-0.31243892844108734,-0.4349587462617551,-0.06431968112770825,-0.0028563982847133215,0.06770458931907246,275,0,True,exposicao<25%
0.0,0.0,1.0,1.5,2.5,3.0,-0.7975266882187647,-0.1927003033726835,-0.573365307626924,-0.4717587528891679,-0.09090805480046149,-0.0044207400436441745,0.05914392972330531,269,0,True,exposicao<25%
0.0,0.0,1.0,2.0,2.5,3.0,-0.4734981495513854,-0.1333613649459663,-0.3019169054113066,-0.3649679313488291,-0.04867262148618556,-0.006545054417859985,0.042899571542707786,159,0,True,exposicao<25%
0.0,0.2,0.8,0.5,1.0,1.5,-0.5447225760628621,-0.20496797390680618,-0.2212072072127415,-0.744907621817305,-0.1526822059916304,-0.03428684441512133,0.34382288247775245,777,0,False,
0.0,0.2,0.8,0.5,1.0,2.0,-0.5624992229916321,-0.20473421212964468,-0.25822398814384445,-0.7260084715983095,-0.14863877243212742,-0.03160781819182305,0.32154585223291166,736,0,False,
0.0,0.2,0.8,0.5,1.0,2.5,-0.6230477331074868,-0.21185998736823877,-0.3306299107099563,-0.7441324342250104,-0.15765188811520747,-0.03199654382598526,0.311518309412909,722,0,False,
0.0,0.2,0.8,0.5,1.0,3.0,-0.6130945888377267,-0.20968507475625384,-0.3233152422941875,-0.7268472064298952,-0.15240901081662683,-0.030002291527758615,0.30646299857821474,700,0,False,
0.0,0.2,0.8,0.5,1.5,2.0,-0.309385123123383,-0.10652832122049548,-0.07217879970903376,-0.5955870016502488,-0.06344688342654947,-0.0219670244928157,0.2639454698426367,665,0,False,
0.0,0.2,0.8,0.5,1.5,2.5,-0.37968480422200285,-0.12190331668454375,-0.14457927917618515,-0.590205807331201,-0.07194804544015221,-0.022136408900350287,0.25365575045745886,671,0,False,
0.0,0.2,0.8,0.5,1.5,3.0,-0.37031759116155477,-0.12030799970184632,-0.1397083967581938,-0.5659729651878693,-0.06809107532707526,-0.020081347903105614,0.2484623791548844,663,0,True,exposicao<25%
0.0,0.2,0.8,0.5,2.0,2.5,-0.31699797603445606,-0.09687281441774127,-0.10931093866331161,-0.5712838983847236,-0.05534187906806709,-0.02063795805815153,0.23217967563718225,583,0,True,exposicao<25%
0.0,0.2,0.8,0.5,2.0,3.0,-0.30523319830581336,-0.09411875392344816,-0.10324888507102793,-0.5462878329233801,-0.05141593011828938,-0.018553976744239045,0.22697322621984764,580,0,True,exposicao<25%
0.0,0.2,0.8,0.5,2.5,3.0,-0.43779908364490744,-0.12468543924239568,-0.2253793703288508,-0.5616129252044375,-0.070024954263322,-0.01879481459450308,0.21737228970356826,536,0,True,exposicao<25%
0.0,0.2,0.8,1.0,1.5,2.0,-0.639273688141213,-0.20351084152609109,-0.33945143153462054,-0.5965076886842264,-0.12139578170091048,-0.026631967697452217,0.1677999372983251,510,0,True,exposicao<25%
0.0,0.2,0.8,1.0,1.5,2.5,-0.748151501350729,-0.21408827208513098,-0.4581543957718621,-0.6043359777911281,-0.1293812452441807,-0.026801513708328614,0.15751214987283,516,0,True,exposicao<25%
0.0,0.2,0.8,1.0,1.5,3.0,-0.754074997253779,-0.21602607762848147,-0.46371795512327246,-0.5821298412918956,-0.12575522628477864,-0.024745927993933166,0.1523191627237297,508,0,True,exposicao<25%
0.0,0.2,0.8,1.0,2.0,2.5,-0.7479825194713817,-0.20274390760991992,-0.4770214615353647,-0.5750501065602865,-0.11658790567553334,-0.023361836877691288,0.13440977043547658,460,0,True,exposicao<25%
0.0,0.2,0.8,1.0,2.0,3.0,-0.7578537591208467,-0.2041509422471101,-0.4865659868068164,-0.5530605165175008,-0.11290782556672119,-0.021277250795563085,0.12920362523978382,457,0,True,exposicao<25%
0.0,0.2,0.8,1.0,2.5,3.0,-0.9493373329758475,-0.22711109605849317,-0.7038594718269707,-0.581955850609758,-0.13216863108963484,-0.021765062962613477,0.11922292750604006,429,0,True,exposicao<25%
0.0,0.2,0.8,1.5,2.0,2.5,-0.32024130208559265,-0.10464746011929003,-0.14064361832995448,-0.3763885787974808,-0.03938810878906562,-0.013633580878209222,0.07770034245966023,289,0,True,exposicao<25%
0.0,0.2,0.8,1.5,2.0,3.0,-0.3098354908024846,-0.10414664530549154,-0.13587195544851083,-0.3396354945459571,-0.035371897383633,-0.011548386839115578,0.0724947381235735,286,0,True,exposicao<25%
0.0,0.2,0.8,1.5,2.5,3.0,-0.5539462587500908,-0.15833563365403108,-0.3651229215690433,-0.35256514717289333,-0.05582362598194679,-0.01196511992033748,0.06238828068986436,278,0,True,exposicao<25%
0.0,0.2,0.8,2.0,2.5,3.0,-0.43388877824085254,-0.12791167318646876,-0.2848294971804971,-0.3071765694846962,-0.03929146896646707,-0.007846678415191218,0.03871695606139788,155,0,True,exposicao<25%
0.0,0.4,0.6,0.5,1.0,1.5,-0.6902529027271956,-0.28169063382914056,-0.3448222012968779,-0.7953446600729718,-0.22404114140857778,-0.047578945130885564,0.3879421076425599,746,0,False,
0.0,0.4,0.6,0.5,1.0,2.0,-0.7359355277154839,-0.26205587420824406,-0.4118570902725533,-0.7771826746053924,-0.20366528521321736,-0.03941444885049984,0.3572241997052085,720,0,False,
0.0,0.4,0.6,0.5,1.0,2.5,-0.7380335063153215,-0.257981688929127,-0.42283419175894693,-0.7506405428626756,-0.19365151502638978,-0.03740182535808208,0.3461005181245458,677,0,False,
0.0,0.4,0.6,0.5,1.0,3.0,-0.7263328623202963,-0.25525603740953196,-0.40946681687938674,-0.7486573931963119,-0.19109931956464044,-0.03974689761009804,0.34698177068648123,645,0,False,
0.0,0.4,0.6,0.5,1.5,2.0,-0.7167646050987476,-0.24840552381696707,-0.41552207591901746,-0.6942712316745758,-0.1724608089751739,-0.033235349474168535,0.29013355789374806,641,0,False,
0.0,0.4,0.6,0.5,1.5,2.5,-0.7122713573093615,-0.2393684277297167,-0.42501559504920094,-0.6585352525984035,-0.15763254801907167,-0.02948913430481621,0.2770506527444766,620,0,False,
0.0,0.4,0.6,0.5,1.5,3.0,-0.7304392167336261,-0.24075504303674042,-0.44565892345997743,-0.667624378975949,-0.16073393609273168,-0.026563723802159343,0.2726139382884813,602,0,False,
0.0,0.4,0.6,0.5,2.0,2.5,-0.7201318853160323,-0.2116389842047098,-0.4387233382260879,-0.6017218751682751,-0.12734780643436694,-0.022904633351381497,0.24644203785749413,540,0,True,exposicao<25%
0.0,0.4,0.6,0.5,2.0,3.0,-0.7499139344765281,-0.2137487155834256,-0.469904712231298,-0.6141418575954235,-0.13127203324704084,-0.01935335283766318,0.24132271426070445,537,0,True,exposicao<25%
0.0,0.4,0.6,0.5,2.5,3.0,-0.7870389087890722,-0.21234853040083698,-0.5184254067233797,-0.6039843783247754,-0.1282551951223292,-0.017421430579732052,0.23064010399850451,471,0,True,exposicao<25%
0.0,0.4,0.6,1.0,1.5,2.0,-0.5863541010116591,-0.19769516255003608,-0.31146505829506277,-0.6682224434808247,-0.13210434458352394,-0.04334896437025576,0.1944291320400909,511,0,True,exposicao<25%
0.0,0.4,0.6,1.0,1.5,2.5,-0.5697356307092358,-0.19075203928320206,-0.31351157839248894,-0.610912167897888,-0.11653274184944407,-0.039603090028716585,0.18134902579502274,490,0,True,exposicao<25%
0.0,0.4,0.6,1.0,1.5,3.0,-0.5895777778367841,-0.19566051391522415,-0.33501856858977264,-0.6122531042111535,-0.11979375701614559,-0.036679746446196454,0.17691532840177426,472,0,True,exposicao<25%
0.0,0.4,0.6,1.0,2.0,2.5,-0.5520406731124217,-0.15308671634330306,-0.3150274414940539,-0.5615969748683476,-0.08597303679092783,-0.03211248673307694,0.15122942511032353,445,0,True,exposicao<25%
0.0,0.4,0.6,1.0,2.0,3.0,-0.5860585822091504,-0.15982831839047976,-0.3491291269859564,-0.5636389815503549,-0.09008547060051586,-0.028561925749376074,0.14611314541168954,442,0,True,exposicao<25%
0.0,0.4,0.6,1.0,2.5,3.0,-0.6473789170370602,-0.17026745980159166,-0.4231888550911031,-0.5303483858235413,-0.09030107246404884,-0.025255178701268016,0.13371427715619474,385,0,True,exposicao<25%
0.0,0.4,0.6,1.5,2.0,2.5,-0.4676069383981471,-0.14829551781777117,-0.26326533643955274,-0.42500198030422287,-0.06302588874279291,-0.026953700203242892,0.08556672469578339,290,0,True,exposicao<25%
0.0,0.4,0.6,1.5,2.0,3.0,-0.5075032209290534,-0.15724260516699784,-0.30293229141044276,-0.4275522389352646,-0.06722942789516373,-0.023405453057624287,0.08045339190595575,287,0,True,exposicao<25%
0.0,0.4,0.6,1.5,2.5,3.0,-0.5677179641730264,-0.16752267801090492,-0.3850651848781517,-0.3885838765013837,-0.06509661162337055,-0.019539066464003187,0.06723963148310419,252,0,True,exposicao<25%
0.0,0.4,0.6,2.0,2.5,3.0,-0.37779289246591125,-0.10167120136828724,-0.24340469274828844,-0.3162331115476973,-0.03215180036348597,-0.011530509680512226,0.03691259979738178,155,0,True,exposicao<25%
0.0,0.6,0.4,0.5,1.0,1.5,-0.7732297422594361,-0.3046922156732055,-0.43554702978083404,-0.846754315521959,-0.2579994485272342,-0.05072458939255256,0.4199272780859402,739,1,False,
0.0,0.6,0.4,0.5,1.0,2.0,-0.6577216150396521,-0.24320290965061053,-0.32773522386275084,-0.7527339752078854,-0.18306709296342827,-0.04268165247393213,0.38655908065964983,704,0,False,
0.0,0.6,0.4,0.5,1.0,2.5,-0.6311842045039722,-0.2342081666871658,-0.3130973868609694,-0.7048266005598665,-0.16507614594947362,-0.04015961616578605,0.3724679125654044,660,0,False,
0.0,0.6,0.4,0.5,1.0,3.0,-0.665882809245426,-0.24155239579071774,-0.3524196546948349,-0.7126220418207028,-0.17213556149506382,-0.038216662641519274,0.36861842118229393,639,0,False,
0.0,0.6,0.4,0.5,1.5,2.0,-0.7781039738700085,-0.2598992232375204,-0.46734404024258264,-0.7441501240082223,-0.19340403920184146,-0.03876666377687137,0.3136035766554791,599,0,False,
0.0,0.6,0.4,0.5,1.5,2.5,-0.7861701340119991,-0.25442230466486865,-0.48717612398484433,-0.7079298487602044,-0.1801131436626231,-0.03303496628658861,0.2964276516638771,582,0,False,
0.0,0.6,0.4,0.5,1.5,3.0,-0.8329668443047678,-0.26091165209184314,-0.5464067811093464,-0.7185993159540347,-0.18749093471763556,-0.030947907154294525,0.2920405370066162,564,0,False,
0.0,0.6,0.4,0.5,2.0,2.5,-0.6323035007195627,-0.1920382414134152,-0.34217933426307173,-0.5975103210456874,-0.11474483127997892,-0.027378937561195124,0.264112208564038,501,0,False,
0.0,0.6,0.4,0.5,2.0,3.0,-0.7071497804679271,-0.2109834283818296,-0.4207321112255128,-0.5927729095231498,-0.12506526070306623,-0.025235146967798633,0.25964711517179717,494,0,False,
0.0,0.6,0.4,0.5,2.5,3.0,-0.9368113113821422,-0.2448275629330582,-0.6608276724451658,-0.6839297900626964,-0.1674448637183681,-0.02540105569976134,0.24675579455004784,428,1,True,exposicao<25%
0.0,0.6,0.4,1.0,1.5,2.0,-0.6288467899286025,-0.2023578748489995,-0.3413394159360331,-0.726026570359412,-0.1469171938618382,-0.04752955217070742,0.2167708260106254,511,0,True,exposicao<25%
0.0,0.6,0.4,1.0,1.5,2.5,-0.6242912762592812,-0.20061096417147947,-0.35261065454894014,-0.6622874303519783,-0.13286211996156194,-0.04179754643127637,0.1996006142185934,494,0,True,exposicao<25%
0.0,0.6,0.4,1.0,1.5,3.0,-0.6747122143681683,-0.20931017671348254,-0.4126071404677207,-0.6720962394046515,-0.14067658263825467,-0.03971157802037359,0.19521489395748892,476,0,True,exposicao<25%
0.0,0.6,0.4,1.0,2.0,2.5,-0.31262626771767427,-0.10018121022982349,-0.10592283421184077,-0.49202332775596525,-0.0492914924358977,-0.03342083056209727,0.1663291302821993,444,0,True,exposicao<25%
0.0,0.6,0.4,1.0,2.0,3.0,-0.3963084434545085,-0.11890005041448531,-0.18211103949067783,-0.5077812981997741,-0.06037522195548595,-0.031275438180431464,0.16186636327104034,437,0,True,exposicao<25%
0.0,0.6,0.4,1.0,2.5,3.0,-0.3953675963109021,-0.1266528246873233,-0.1974514106331517,-0.42189435192993163,-0.05343411139155352,-0.026654004549032193,0.14557109130688942,382,0,True,exposicao<25%
0.0,0.6,0.4,1.5,2.0,2.5,-0.5220173642726011,-0.14936990018239313,-0.27480930728201447,-0.49279516490075337,-0.07360876459159149,-0.030906454752456684,0.09588368778864434,277,0,True,exposicao<25%
0.0,0.6,0.4,1.5,2.0,3.0,-0.6250677098052824,-0.1648306885089243,-0.37910221659234,-0.5120296594198936,-0.08439820129917108,-0.028759742498101773,0.09142163565073802,270,0,True,exposicao<25%
0.0,0.6,0.4,1.5,2.5,3.0,-0.6905036360943093,-0.18624481733921985,-0.4580892473515631,-0.42703668264629835,-0.07953336895660623,-0.02288588894865031,0.07399644038207472,242,0,True,exposicao<25%
0.0,0.6,0.4,2.0,2.5,3.0,0.05462500311932961,0.02129719688868638,0.09597934677694281,-0.20604571837186902,0.004388196232236519,-0.0137878908048799,0.040401377554702744,148,0,True,exposicao<25%
0.0,0.8,0.2,0.5,1.0,1.5,-0.8157599800908433,-0.3236312082032843,-0.46277072778382927,-0.8652601788337916,-0.2800251970861698,-0.04449383520752752,0.45102343601746187,700,2,False,
0.0,0.8,0.2,0.5,1.0,2.0,-0.7862015177007807,-0.2959685711450933,-0.4526057377580064,-0.8334275733101603,-0.2466683680255306,-0.03857912193517511,0.4145697663443445,648,0,False,
0.0,0.8,0.2,0.5,1.0,2.5,-0.8105959529985926,-0.2824367844847505,-0.4651299530989667,-0.783929404078649,-0.22141050015102026,-0.030212666906515202,0.3998525086463379,612,0,False,
0.0,0.8,0.2,0.5,1.0,3.0,-0.8839822030579544,-0.2971452094624814,-0.5550973181415549,-0.7947128412873304,-0.23614511368684754,-0.029556578690264332,0.393078841022587,586,0,False,
0.0,0.8,0.2,0.5,1.5,2.0,-0.7942063515640578,-0.28647054126792526,-0.48415258052456134,-0.7922660260049028,-0.22696087729781267,-0.03308300980177832,0.3338762883945215,544,0,False,
0.0,0.8,0.2,0.5,1.5,2.5,-0.8192699197980302,-0.2699588701564893,-0.4922582912712511,-0.7276361273911738,-0.1964318268355646,-0.023180493197079002,0.3180798163251138,529,0,False,
0.0,0.8,0.2,0.5,1.5,3.0,-0.9170596252211299,-0.2854964873350714,-0.6137455449726548,-0.7459134733661803,-0.2129556765019468,-0.022045925118364392,0.30998272401505406,510,0,False,
0.0,0.8,0.2,0.5,2.0,2.5,-0.9210873627279582,-0.27974999909374265,-0.6141447353335872,-0.7463942064141567,-0.20880377856793508,-0.02835693601773072,0.2894722183653062,435,1,False,
0.0,0.8,0.2,0.5,2.0,3.0,-1.0334301502500713,-0.2967478852018827,-0.7671890808765681,-0.7611649455656314,-0.22587408788640728,-0.026999149401326715,0.28085832229593366,428,1,False,
0.0,0.8,0.2,0.5,2.5,3.0,-1.1328210482486956,-0.2927662072619646,-0.8276969848737208,-0.7098608493386946,-0.2078232685446465,-0.01912307497666755,0.26543942252794683,382,1,False,
0.0,0.8,0.2,1.0,1.5,2.0,-0.4026430997815531,-0.15765635176304818,-0.1299530560062588,-0.6870564270978168,-0.10831880975159647,-0.049201486293992326,0.23454841777526755,501,0,True,exposicao<25%
0.0,0.8,0.2,1.0,1.5,2.5,-0.33300668634692826,-0.1276141332636013,-0.08850711292931947,-0.5728887790818133,-0.07310870499896838,-0.039296520276931986,0.2187529582921996,486,0,True,exposicao<25%
0.0,0.8,0.2,1.0,1.5,3.0,-0.43624556813232573,-0.15514764016186788,-0.19048341158383778,-0.5940750113393534,-0.09216933608843558,-0.03816312584096216,0.21065719608656172,467,0,True,exposicao<25%
0.0,0.8,0.2,1.0,2.0,2.5,-0.22076520258811375,-0.08591357066662601,-0.023014035808437736,-0.49532380942696097,-0.04255503710406561,-0.03556670713848873,0.18451882010735163,420,0,True,exposicao<25%
0.0,0.8,0.2,1.0,2.0,3.0,-0.3451356303263841,-0.12095539166273102,-0.1421468359840489,-0.5225881764768916,-0.06320985756407482,-0.034208214730076826,0.17590810453200847,413,0,True,exposicao<25%
0.0,0.8,0.2,1.0,2.5,3.0,-0.3019456339493716,-0.10815227795767611,-0.11403357179676049,-0.38982430531148904,-0.04216038662270616,-0.024603031630320675,0.16009756517429727,372,0,True,exposicao<25%
0.0,0.8,0.2,1.5,2.0,2.5,-0.09360622506175637,-0.04130162649287104,0.05961272953504757,-0.4025743429055031,-0.016626975146296075,-0.030252424407181764,0.10512814531903071,268,0,True,exposicao<25%
0.0,0.8,0.2,1.5,2.0,3.0,-0.2263523494420765,-0.08794026850523487,-0.06208071116580923,-0.4302153678482378,-0.03783325496365242,-0.028894991090169717,0.09651937944387538,261,0,True,exposicao<25%
0.0,0.8,0.2,1.5,2.5,3.0,-0.1187546255676475,-0.04899303142867649,0.002450174174923805,-0.2852294417116056,-0.01397425500216054,-0.01855920536577799,0.08039503378662363,241,0,True,exposicao<25%
0.0,0.8,0.2,2.0,2.5,3.0,0.16805255490531493,0.07100232380430287,0.1873852287061665,-0.2375120522203703,0.016863907639175224,-0.01352752929282207,0.0451361203939307,136,0,True,exposicao<25%
0.0,1.0,0.0,0.5,1.0,1.5,-0.7112429256365718,-0.2869221354608291,-0.3602349037179305,-0.8466993520751277,-0.24293678619069603,-0.042441684414057795,0.4608613549543951,671,2,False,
0.0,1.0,0.0,0.5,1.0,2.0,-0.7117751188472815,-0.2795698046719526,-0.3694045967212733,-0.8210416683697492,-0.22953845885366486,-0.031174390592767852,0.42372136005274047,600,0,False,
0.0,1.0,0.0,0.5,1.0,2.5,-0.7634684848249026,-0.2732336946748135,-0.4218884015472013,-0.8015104483030097,-0.21899966111029745,-0.029096907376579603,0.41167374669266454,582,0,False,
0.0,1.0,0.0,0.5,1.0,3.0,-0.7677778038447395,-0.2679470761767031,-0.4321390746267678,-0.7902587751547923,-0.2117475282257092,-0.030108423780132485,0.40412990379633307,561,0,False,
0.0,1.0,0.0,0.5,1.5,2.0,-0.7518818133956657,-0.27454061317263934,-0.4381687539637501,-0.7927808039800022,-0.2176505280361678,-0.031858689204335405,0.3420987168263702,515,0,False,
0.0,1.0,0.0,0.5,1.5,2.5,-0.8178935801309057,-0.2628056203544197,-0.5052946050890158,-0.7618043122844701,-0.20020645487859223,-0.027180320430761146,0.32729705709342977,510,0,False,
0.0,1.0,0.0,0.5,1.5,3.0,-0.8412474162487719,-0.26029979034476713,-0.5385868261631651,-0.7481731420182856,-0.1947493120089454,-0.02689421788242422,0.3189016225004165,492,0,False,
0.0,1.0,0.0,0.5,2.0,2.5,-1.0159773102993592,-0.29958650918018537,-0.7316822943753901,-0.7950563602321721,-0.2381881595634604,-0.023761478705357164,0.29217991667565757,406,1,False,
0.0,1.0,0.0,0.5,2.0,3.0,-1.0522577792877308,-0.29719780996215756,-0.7837285757618633,-0.781466390578728,-0.23225009983903,-0.02225448935623501,0.2837092066383826,394,1,False,
0.0,1.0,0.0,0.5,2.5,3.0,-1.1927707028544654,-0.2950766763113958,-0.9003922802674567,-0.7641793930306007,-0.22549151540112944,-0.019128569222833142,0.2723677180065129,364,1,False,
0.0,1.0,0.0,1.0,1.5,2.0,-0.13255150570942698,-0.06434911199555707,0.09136093494929666,-0.5540229300917421,-0.035650883576580195,-0.044189007994037154,0.2368453467550839,474,0,True,exposicao<25%
0.0,1.0,0.0,1.0,1.5,2.5,-0.06430500091734259,-0.031225852084739027,0.10871018511837774,-0.45328730633679737,-0.014154282379562622,-0.03951253961546488,0.22204098209873785,469,0,True,exposicao<25%
0.0,1.0,0.0,1.0,1.5,3.0,-0.036145021470281834,-0.01755827705349339,0.11808173629576377,-0.4225053494027432,-0.007418465981396394,-0.0392250099970547,0.21364919302829372,451,0,True,exposicao<25%
0.0,1.0,0.0,1.0,2.0,2.5,-0.09936418398977931,-0.05025676827376379,0.06695052659706589,-0.3983073639239433,-0.02001764089045932,-0.029077922837603503,0.18499389781594358,387,0,True,exposicao<25%
0.0,1.0,0.0,1.0,2.0,3.0,-0.0667754194335481,-0.03420662882164985,0.07884049313239978,-0.36173801655879556,-0.012373838063106546,-0.027571051888539637,0.17652474748609887,375,0,True,exposicao<25%
0.0,1.0,0.0,1.0,2.5,3.0,0.006347338672135721,0.0032504069833315273,0.1071308794029641,-0.28019960552420664,0.0009107627545226205,-0.023195271769757678,0.16332388454708124,352,0,True,exposicao<25%
0.0,1.0,0.0,1.5,2.0,2.5,-0.032581685937772865,-0.015099438310586879,0.10427727074964373,-0.39803479423881216,-0.006010101821076086,-0.02915710341956971,0.10626614422540911,254,0,True,exposicao<25%
0.0,1.0,0.0,1.5,2.0,3.0,0.01049616780751387,0.004860694918641045,0.12331586359035432,-0.3599181817792576,0.0017494524773009612,-0.02765116086157243,0.09779853433533799,242,0,True,exposicao<25%
0.0,1.0,0.0,1.5,2.5,3.0,0.15031940562522905,0.07343913725386621,0.1880526708503405,-0.23914927378017792,0.017562916341304913,-0.022418530281091753,0.08349898608756909,232,0,True,exposicao<25%
0.0,1.0,0.0,2.0,2.5,3.0,0.07379381416521141,0.0393193271453855,0.12637379409111074,-0.1963234919332265,0.007719307605646986,-0.010109315576726004,0.045624672958565204,121,0,True,exposicao<25%
0.2,0.0,0.8,0.5,1.0,1.5,-0.5899901861791218,-0.21559611604962142,-0.2494317612872313,-0.7143060399008214,-0.154001607873403,-0.020828864821639058,0.3293704599220743,771,0,False,
0.2,0.0,0.8,0.5,1.0,2.0,-0.5937532088559001,-0.20652801537058013,-0.2756688644751092,-0.6969231475252563,-0.1439341545242092,-0.021297959049010794,0.3082764023253993,765,0,False,
0.2,0.0,0.8,0.5,1.0,2.5,-0.7065938447367164,-0.2307049570774115,-0.39148386231915117,-0.7141163757130602,-0.16475018780715822,-0.023012856155693553,0.2976602244064864,743,0,False,
0.2,0.0,0.8,0.5,1.0,3.0,-0.681243371060826,-0.22105502094018778,-0.3690837192063196,-0.69704624970785,-0.15408557332544814,-0.02120103602941302,0.2935617916306172,726,0,False,
0.2,0.0,0.8,0.5,1.5,2.0,-0.5502344027154484,-0.18463730298988698,-0.25516192066244425,-0.6214440372805403,-0.11474175100262574,-0.014589605980297397,0.2578298350040578,680,0,False,
0.2,0.0,0.8,0.5,1.5,2.5,-0.6980282928084135,-0.21412579636205403,-0.4016165976616342,-0.6426152382354461,-0.13760049964155596,-0.01576642355917286,0.24657098988448217,679,0,True,exposicao<25%
0.2,0.0,0.8,0.5,1.5,3.0,-0.6838924348954584,-0.20626653541299547,-0.389338886378235,-0.6266886389878591,-0.12926489434671118,-0.013864769046582473,0.24234015813568477,676,0,True,exposicao<25%
0.2,0.0,0.8,0.5,2.0,2.5,-0.6496247304566168,-0.19244458541713225,-0.37659589941982025,-0.614093008492161,-0.11817887442683339,-0.01742508545605937,0.2260118254595018,617,0,True,exposicao<25%
0.2,0.0,0.8,0.5,2.0,3.0,-0.640715830431844,-0.18526740410243314,-0.3699744423870659,-0.6003155481029028,-0.11121890323935413,-0.015520603795240617,0.22177328192470305,617,0,True,exposicao<25%
0.2,0.0,0.8,0.5,2.5,3.0,-0.8464823953085002,-0.2223696096193007,-0.5772538395439547,-0.6339381373702893,-0.14096857612981784,-0.017048424926770805,0.21110981501832682,561,0,True,exposicao<25%
0.2,0.0,0.8,1.0,1.5,2.0,-0.40066280763955703,-0.13364429196443664,-0.14709284386184723,-0.5506047446739664,-0.07358518125421165,-0.015215544271780838,0.16322056978384394,503,0,True,exposicao<25%
0.2,0.0,0.8,1.0,1.5,2.5,-0.5716074325963498,-0.17100713282536073,-0.30346015467083987,-0.5702108639731651,-0.09751012495392275,-0.016392448394081993,0.15196276077631582,502,0,True,exposicao<25%
0.2,0.0,0.8,1.0,1.5,3.0,-0.5510081963257162,-0.17011673117059697,-0.2871993827075053,-0.5219735555313296,-0.08879643502448387,-0.014490790519427003,0.14773217152141258,499,0,True,exposicao<25%
0.2,0.0,0.8,1.0,2.0,2.5,-0.5210013829766077,-0.14542619115272293,-0.281689938055179,-0.5474357914949646,-0.07961150205778889,-0.017294551627471278,0.13124183902840236,475,0,True,exposicao<25%
0.2,0.0,0.8,1.0,2.0,3.0,-0.5067658682941122,-0.1444623217217382,-0.27174365196333417,-0.500904624160351,-0.07236184496735898,-0.015390174947860333,0.127004172594071,475,0,True,exposicao<25%
0.2,0.0,0.8,1.0,2.5,3.0,-0.7718181065704088,-0.19767935590880853,-0.525795741818196,-0.5235797458262113,-0.10350090692182312,-0.016770722026340612,0.116020026407061,440,0,True,exposicao<25%
0.2,0.0,0.8,1.5,2.0,2.5,-0.4046261195812961,-0.128937976449917,-0.20232414109082827,-0.42460979792652565,-0.05474832812545438,-0.009568068280450542,0.08063151777609945,298,0,True,exposicao<25%
0.2,0.0,0.8,1.5,2.0,3.0,-0.38170476236967993,-0.12939853804836823,-0.1873303410605464,-0.3654528925837771,-0.047289070025888114,-0.007663100475410257,0.0763941648652579,298,0,True,exposicao<25%
0.2,0.0,0.8,1.5,2.5,3.0,-0.7036757869387206,-0.19291162069620077,-0.49030749290443604,-0.4143917319698419,-0.07994098061740784,-0.008879657564307385,0.06512440758614574,284,0,True,exposicao<25%
0.2,0.0,0.8,2.0,2.5,3.0,-0.6010416641370669,-0.17299656338363723,-0.4235307996823925,-0.3650741820183029,-0.06315657886925885,-0.009592383322028613,0.04437845728437912,175,0,True,exposicao<25%
0.2,0.2,0.6,0.5,1.0,1.5,-0.6641394078637585,-0.25497651858312603,-0.31597145463735316,-0.772492061952093,-0.19696733658964516,-0.04141269859844447,0.38695453692058907,751,0,False,
0.2,0.2,0.6,0.5,1.0,2.0,-0.7552590254378033,-0.26947770596067666,-0.43623792997621885,-0.7846698692272152,-0.21145103629581408,-0.03308979642604916,0.35608636620657197,710,0,False,
0.2,0.2,0.6,0.5,1.0,2.5,-0.7807249145429519,-0.2655158315223663,-0.4740768106478574,-0.7774926241638529,-0.206436600607372,-0.03191554505947031,0.34656135683044004,684,0,False,
0.2,0.2,0.6,0.5,1.0,3.0,-0.754593387663997,-0.25848086095649864,-0.4476212571922246,-0.7625486417129062,-0.19710422943116057,-0.03084594453731649,0.3431417837401821,652,0,False,
0.2,0.2,0.6,0.5,1.5,2.0,-0.5097079651114235,-0.18508146677008122,-0.22022188059474673,-0.6150434449381339,-0.1138331429164735,-0.03252199483575551,0.29133534417735424,638,0,False,
0.2,0.2,0.6,0.5,1.5,2.5,-0.531092934573113,-0.17833621545866593,-0.25323079789527564,-0.6008162901402635,-0.10714730336953038,-0.029469605884825282,0.2797138163661945,642,0,False,
0.2,0.2,0.6,0.5,1.5,3.0,-0.4971537663455613,-0.16942672641582598,-0.22739503855469584,-0.5729417136514188,-0.09707163897103344,-0.02653973530376712,0.27442999088878234,622,0,False,
0.2,0.2,0.6,0.5,2.0,2.5,-0.6214711246519762,-0.1935545867461183,-0.35543327437134814,-0.5961090926553821,-0.11537964908451603,-0.0229708574539111,0.24812696312331198,538,0,True,exposicao<25%
0.2,0.2,0.6,0.5,2.0,3.0,-0.6018716276420708,-0.18788548509828426,-0.34112443285924965,-0.5716865731133812,-0.10741160911358338,-0.019657361893136407,0.24243390333910678,529,0,True,exposicao<25%
0.2,0.2,0.6,0.5,2.5,3.0,-0.6362081193802935,-0.178972092491864,-0.38484735144185717,-0.5844336985248191,-0.10459732194774607,-0.018548737865424596,0.23341585278371474,484,0,True,exposicao<25%
0.2,0.2,0.6,1.0,1.5,2.0,-0.6911358904306306,-0.224571757741732,-0.38086487496325616,-0.640886259797609,-0.14392495387527338,-0.03930077341666179,0.1944067032757552,502,0,True,exposicao<25%
0.2,0.2,0.6,1.0,1.5,2.5,-0.7433908033641952,-0.22168096549789104,-0.44206045586244186,-0.6200970389754001,-0.13746371030245008,-0.03624989457853298,0.18278786068345224,506,0,True,exposicao<25%
0.2,0.2,0.6,1.0,1.5,3.0,-0.7183765564313865,-0.21334712359474714,-0.4204072727589807,-0.598679097365143,-0.12772646337915283,-0.033319282616551545,0.1775072342300128,486,0,True,exposicao<25%
0.2,0.2,0.6,1.0,2.0,2.5,-0.8838344031575627,-0.24064424173613772,-0.6076380645169026,-0.6178515093934551,-0.14868240798351617,-0.02823094528276085,0.1520902662910801,442,0,True,exposicao<25%
0.2,0.2,0.6,1.0,2.0,3.0,-0.8800114651412938,-0.23508472780700124,-0.6055789404540737,-0.5998499460381904,-0.14101556128943238,-0.024914941151721458,0.14640180608695103,433,0,True,exposicao<25%
0.2,0.2,0.6,1.0,2.5,3.0,-0.9781481671841001,-0.23514239780907736,-0.7244397801283226,-0.5988685926864754,-0.14081939685684552,-0.022609938825444955,0.13574575687444154,395,0,True,exposicao<25%
0.2,0.2,0.6,1.5,2.0,2.5,-0.37383037761219673,-0.13939137293901635,-0.1800309504825451,-0.368404584519912,-0.051352420833258416,-0.0275377301051373,0.08817915124018351,305,0,True,exposicao<25%
0.2,0.2,0.6,1.5,2.0,3.0,-0.33562950769502536,-0.12532468727299695,-0.15477140300039308,-0.3414370219479512,-0.042790487999050386,-0.024221962121048567,0.08249143147477815,296,0,True,exposicao<25%
0.2,0.2,0.6,1.5,2.5,3.0,-0.4000942773050226,-0.12966459312633263,-0.22806129002885006,-0.32580710044835737,-0.04224564511730644,-0.021264085069553948,0.07094906160835501,288,0,True,exposicao<25%
0.2,0.2,0.6,2.0,2.5,3.0,-0.6171367910065133,-0.17195512228512883,-0.43551732470726623,-0.34458301227418897,-0.05925281401298621,-0.012853170787244877,0.04020470035105253,163,0,True,exposicao<25%
0.2,0.4,0.4,0.5,1.0,1.5,-0.8569567617565914,-0.3317297418040833,-0.520744517774701,-0.8753629724298635,-0.29038393282901354,-0.055484838281646805,0.42397019855764423,718,1,False,
0.2,0.4,0.4,0.5,1.0,2.0,-0.8054198990250043,-0.2868065863012283,-0.47431994289201734,-0.8163994843052395,-0.23414874915166894,-0.04466903870114906,0.38895498479771645,697,0,False,
0.2,0.4,0.4,0.5,1.0,2.5,-0.8094644527841293,-0.2816935054267388,-0.4798050123337763,-0.7813178653045384,-0.22009216833017198,-0.04266809768709262,0.3739346787352133,656,0,False,
0.2,0.4,0.4,0.5,1.0,3.0,-0.825131931135144,-0.2851737234785727,-0.5032997310051686,-0.7809047979797564,-0.22269352892216976,-0.04310797695849223,0.37233437381847784,614,0,False,
0.2,0.4,0.4,0.5,1.5,2.0,-0.8606590031526941,-0.2832514593005767,-0.5429838889931657,-0.7874758185381219,-0.22305367476483917,-0.03873515633263327,0.32129320595238353,598,0,False,
0.2,0.4,0.4,0.5,1.5,2.5,-0.8823644217186142,-0.2757946848710682,-0.5663033630135604,-0.7522303213223029,-0.2074611244195469,-0.03388062308110543,0.3034635031403379,581,0,False,
0.2,0.4,0.4,0.5,1.5,3.0,-0.9361625489519007,-0.28364446335529,-0.6367586474977522,-0.7616939190213323,-0.21605026290179352,-0.030693591710565554,0.29799268404036966,548,0,False,
0.2,0.4,0.4,0.5,2.0,2.5,-0.7952839357564805,-0.23760154076209133,-0.4804150584363343,-0.6436802700017927,-0.1529394239105849,-0.025794394321133344,0.2682009814462727,506,0,False,
0.2,0.4,0.4,0.5,2.0,3.0,-0.8676845335921108,-0.24514129532816423,-0.5662959221624109,-0.6606333330904612,-0.16194851101075824,-0.02175300750008436,0.26176317904913804,487,0,False,
0.2,0.4,0.4,0.5,2.5,3.0,-0.9348493343788704,-0.24704775855858455,-0.6319384123669239,-0.6452558847663454,-0.15940902002826196,-0.021930856945244163,0.24718844125603898,427,0,True,exposicao<25%
0.2,0.4,0.4,1.0,1.5,2.0,-0.6670897216042423,-0.22004126326496168,-0.37329000622197034,-0.7339472823253466,-0.16149868717275473,-0.05596424920291146,0.2206451585628792,496,0,True,exposicao<25%
0.2,0.4,0.4,1.0,1.5,2.5,-0.6692865556927562,-0.2092784607657913,-0.383982997412065,-0.6912740915833697,-0.14466877785383825,-0.05111061514675673,0.202819550318267,479,0,True,exposicao<25%
0.2,0.4,0.4,1.0,1.5,3.0,-0.7280846812198277,-0.22019341216470442,-0.4548083775807145,-0.6991551101212117,-0.15394934932997928,-0.047925525004075265,0.1973523029099093,446,0,True,exposicao<25%
0.2,0.4,0.4,1.0,2.0,2.5,-0.4991766939672956,-0.15591308540085144,-0.2497409190135899,-0.5418501447634674,-0.08448152789497021,-0.0407039404855545,0.16848117569190235,436,0,True,exposicao<25%
0.2,0.4,0.4,1.0,2.0,3.0,-0.5788340724664952,-0.16930469334642642,-0.33471275467768735,-0.5565984331210664,-0.09423472703666358,-0.036663023483303414,0.16204791975456395,417,0,True,exposicao<25%
0.2,0.4,0.4,1.0,2.5,3.0,-0.591694010141604,-0.16574575597976512,-0.35496200641621733,-0.504557912873168,-0.08362833270473569,-0.03299265820797428,0.14533300309562053,368,0,True,exposicao<25%
0.2,0.4,0.4,1.5,2.0,2.5,-0.5420817868529361,-0.15826266611175774,-0.29111370457753033,-0.5199627064793482,-0.08229068420610697,-0.036096451217526554,0.1027225865096548,287,0,True,exposicao<25%
0.2,0.4,0.4,1.5,2.0,3.0,-0.636639218136558,-0.17681607419402717,-0.3940109177084107,-0.5206516202073087,-0.09205957550781596,-0.03205798169942165,0.09629361197419443,268,0,True,exposicao<25%
0.2,0.4,0.4,1.5,2.5,3.0,-0.6804365002228657,-0.17212876172223693,-0.4414263571135776,-0.4702640853843585,-0.08094597469964993,-0.027290699062450817,0.07852569592902713,243,0,True,exposicao<25%
0.2,0.4,0.4,2.0,2.5,3.0,-0.20667434249022124,-0.07844125526284844,-0.08092524178039143,-0.23711749349129374,-0.018599793834237377,-0.01584940613600453,0.043945972319323616,159,0,True,exposicao<25%
0.2,0.6,0.2,0.5,1.0,1.5,-0.8881136791563501,-0.35108356517300326,-0.5401672531906989,-0.8840840414080117,-0.3103873771700818,-0.056358235625783897,0.45767836421551517,616,1,False,
0.2,0.6,0.2,0.5,1.0,2.0,-0.8672662796385587,-0.31301428391198827,-0.5058503607422081,-0.8358683962065359,-0.2616387474832509,-0.05009078755807496,0.4220831768533241,577,0,False,
0.2,0.6,0.2,0.5,1.0,2.5,-0.9238725400603771,-0.3207530576513164,-0.5762544196568253,-0.8165261593914572,-0.26190326227709604,-0.04414052859662595,0.4058728132437541,540,1,False,
0.2,0.6,0.2,0.5,1.0,3.0,-1.0020903053029182,-0.33503859491416865,-0.6769536886724629,-0.8339100797750577,-0.27939206141259765,-0.04311830039993359,0.3997492680010125,504,1,False,
0.2,0.6,0.2,0.5,1.5,2.0,-0.8237918238923206,-0.2750155757101075,-0.47622796643753773,-0.7932254359989084,-0.21814934994914081,-0.04104087071861521,0.34232284192991463,498,0,False,
0.2,0.6,0.2,0.5,1.5,2.5,-0.8773769743306031,-0.2814640152946694,-0.5444188446227329,-0.7548367268287854,-0.21245937602511544,-0.03275384293848648,0.3237937865472718,482,0,False,
0.2,0.6,0.2,0.5,1.5,3.0,-0.984013364840367,-0.29982879705400084,-0.6771805177433059,-0.7744084623755304,-0.23218995770249373,-0.030000196657374,0.3157788705807268,451,0,False,
0.2,0.6,0.2,0.5,2.0,2.5,-0.9800191783587253,-0.2789944849454811,-0.6291424664858984,-0.7374846147973294,-0.20575414026059746,-0.03425727687193717,0.29425349395689837,396,1,False,
0.2,0.6,0.2,0.5,2.0,3.0,-1.127081152338929,-0.2993303539698151,-0.8097145375923911,-0.7607450269367992,-0.22771407819376865,-0.0309081660067742,0.2852198827106791,386,1,False,
0.2,0.6,0.2,0.5,2.5,3.0,-1.204780130362508,-0.3046778785104603,-0.8981168262852854,-0.7419869409090094,-0.22606700703862326,-0.025910904862389537,0.2675271176544068,336,1,False,
0.2,0.6,0.2,1.0,1.5,2.0,-0.3968650959073875,-0.1548735414196818,-0.11755640601258345,-0.6305400960656885,-0.09765397768479955,-0.060824406620536675,0.24181662817374366,463,0,True,exposicao<25%
0.2,0.6,0.2,1.0,1.5,2.5,-0.41123755972957443,-0.16208397733717497,-0.1497674487034774,-0.5619238601816319,-0.0910788542188975,-0.052539692487903696,0.22328653229648873,447,0,True,exposicao<25%
0.2,0.6,0.2,1.0,1.5,3.0,-0.5303471854538646,-0.19074990616847126,-0.2685949822335426,-0.5969220003027321,-0.11386281554764233,-0.04978590304901291,0.21527371987147215,416,0,True,exposicao<25%
0.2,0.6,0.2,1.0,2.0,2.5,-0.16707201953764234,-0.07230019367312476,0.01532031510780775,-0.39311642131500957,-0.028422393397160906,-0.04486470888897325,0.1862969408863273,386,0,True,exposicao<25%
0.2,0.6,0.2,1.0,2.0,3.0,-0.34502214317124547,-0.12514489991003222,-0.1322360586234763,-0.44184097925818866,-0.05529414512541664,-0.041513944582531416,0.17726665836421784,376,0,True,exposicao<25%
0.2,0.6,0.2,1.0,2.5,3.0,-0.3596141474863602,-0.13890580437365502,-0.15568047264260984,-0.3708118926723958,-0.051507924222976564,-0.034996894526161094,0.1606721035607045,335,0,True,exposicao<25%
0.2,0.6,0.2,1.5,2.0,2.5,0.059804681856311694,0.02797787986367772,0.15293326337925037,-0.3216808567959428,0.008999948365881805,-0.03721627459683245,0.11052551951767736,265,0,True,exposicao<25%
0.2,0.6,0.2,1.5,2.0,3.0,-0.13571064396646956,-0.0507483155658448,0.005752301017433934,-0.37237841227542123,-0.01889757717606133,-0.03386662138331862,0.10149767374366234,255,0,True,exposicao<25%
0.2,0.6,0.2,1.5,2.5,3.0,-0.15025573902204728,-0.060116159270460226,-0.020792793758886447,-0.2933734856329252,-0.017636487188039007,-0.025736726297815687,0.08329419696554746,235,0,True,exposicao<25%
0.2,0.6,0.2,2.0,2.5,3.0,0.5664264064744228,0.40162580920783114,0.40588801720745005,-0.11741790872309066,0.04715806260640254,-0.01631837869482247,0.04562875988411285,144,0,True,exposicao<25%
0.2,0.8,0.0,0.5,1.0,1.5,-0.9091024824527385,-0.3600648091198105,-0.5687585220387392,-0.914543443972244,-0.3292949105856401,-0.051899821248048345,0.48001688708284207,616,5,False,
0.2,0.8,0.0,0.5,1.0,2.0,-0.8991627750842263,-0.33618986689770763,-0.570810342501893,-0.8904246919560941,-0.2993517586711516,-0.04021463078386602,0.44045180712785015,554,1,False,
0.2,0.8,0.0,0.5,1.0,2.5,-1.006625793190245,-0.34678286997145974,-0.6824463597176719,-0.8862100107311518,-0.30732245091878696,-0.0366046695849532,0.42742587851563046,532,1,False,
0.2,0.8,0.0,0.5,1.0,3.0,-0.9941120593947153,-0.3373229890403503,-0.6721705544511161,-0.8751567831823085,-0.29521050198199406,-0.04327947603123853,0.423788372250944,507,1,False,
0.2,0.8,0.0,0.5,1.5,2.0,-0.8133926342598328,-0.2913521159519423,-0.49257059142247533,-0.8268959660840606,-0.24091788939071657,-0.034806451840609376,0.35617082070171846,476,0,False,
0.2,0.8,0.0,0.5,1.5,2.5,-0.9385932596958646,-0.30380646817194656,-0.6162536986604046,-0.8205436634812133,-0.24928647238309765,-0.030467097310062724,0.3422829061651043,470,0,False,
0.2,0.8,0.0,0.5,1.5,3.0,-0.9130492810771191,-0.2866802253097735,-0.5925254256393805,-0.7892170786298488,-0.2262529299199263,-0.03118881425775465,0.3331789748940282,449,0,False,
0.2,0.8,0.0,0.5,2.0,2.5,-1.0387296444878376,-0.3079088987867419,-0.756358552288562,-0.820235634831777,-0.2525578510666966,-0.024942771243974732,0.30304167211018446,375,1,False,
0.2,0.8,0.0,0.5,2.0,3.0,-1.0069141766185312,-0.28479625662567776,-0.7179642111438398,-0.7749859874060359,-0.22071310815059364,-0.02285979449964325,0.2930271388114769,361,1,False,
0.2,0.8,0.0,0.5,2.5,3.0,-1.2455234981324452,-0.30775484094973177,-0.9547156569985658,-0.7818132151589491,-0.2406068016836408,-0.018973816808760258,0.27939997627713503,331,1,False,
0.2,0.8,0.0,1.0,1.5,2.0,-0.3772407429563343,-0.15326097405507533,-0.09982416871878598,-0.6818399448200532,-0.10449945409278016,-0.058888126314435504,0.2489985313794691,426,0,True,exposicao<25%
0.2,0.8,0.0,1.0,1.5,2.5,-0.4687473031381096,-0.1738727598633193,-0.1929235319062719,-0.6579409244139135,-0.11439800435487069,-0.05454958167471803,0.23511277829916064,420,0,True,exposicao<25%
0.2,0.8,0.0,1.0,1.5,3.0,-0.3884069984848986,-0.14691520247839632,-0.13692876041205296,-0.5936496037362937,-0.08721615173413733,-0.055272037811729964,0.22601134004110793,399,0,True,exposicao<25%
0.2,0.8,0.0,1.0,2.0,2.5,-0.4186534449504939,-0.1503530636757747,-0.18038418306824752,-0.5975563288937483,-0.0898444247680239,-0.0409985028701264,0.193269196691191,350,0,True,exposicao<25%
0.2,0.8,0.0,1.0,2.0,3.0,-0.27301432770539846,-0.10314397448641846,-0.07441737921703163,-0.4950501210397735,-0.05106143705402477,-0.03891791730920848,0.18325341897621636,336,0,True,exposicao<25%
0.2,0.8,0.0,1.0,2.5,3.0,-0.48901468080848143,-0.15585581948556557,-0.2594752256963978,-0.48866161030163624,-0.0761607557246976,-0.03479320867313831,0.16981246143793297,312,0,True,exposicao<25%
0.2,0.8,0.0,1.5,2.0,2.5,-0.18947273369998158,-0.07903031448086052,-0.010331164852122517,-0.46857949861860215,-0.03703198513511208,-0.033157653415930306,0.10990502161682295,240,0,True,exposicao<25%
0.2,0.8,0.0,1.5,2.0,3.0,0.0243260569743688,0.012009018207363189,0.13448583729609087,-0.33361992098726145,0.004006447705475091,-0.031076848883266527,0.0998898881762073,226,0,True,exposicao<25%
0.2,0.8,0.0,1.5,2.5,3.0,-0.1796181457341922,-0.06795816226565707,-0.040980798011711866,-0.3395671613243032,-0.023076360249365546,-0.026793810918029175,0.0860676419973737,218,0,True,exposicao<25%
0.2,0.8,0.0,2.0,2.5,3.0,0.07159830443540359,0.038091782067972715,0.1285715252891708,-0.20735290699537212,0.00789844174442833,-0.011896820895891128,0.04397811208432142,116,0,True,exposicao<25%
0.4,0.0,0.6,0.5,1.0,1.5,-0.8852537263449147,-0.3074729246048088,-0.5054190844529843,-0.826480837486428,-0.2541204802317837,-0.0379961723175217,0.3844705950028392,749,0,False,
0.4,0.0,0.6,0.5,1.0,2.0,-0.9534436594111553,-0.3037906441561062,-0.6005321123028272,-0.8247389263633207,-0.2505479697005286,-0.030685292531311803,0.3536797230882226,706,0,False,
0.4,0.0,0.6,0.5,1.0,2.5,-0.9607179108043978,-0.29053702012176286,-0.6103081510584405,-0.8179983844450013,-0.23765881308106684,-0.031399281715213764,0.34295941442782013,667,0,False,
0.4,0.0,0.6,0.5,1.0,3.0,-0.979343616960196,-0.2924724013964637,-0.6309189848707778,-0.8174442677570208,-0.23907988799866975,-0.030216610733172257,0.33984894792828607,658,0,False,
0.4,0.0,0.6,0.5,1.5,2.0,-0.98833512057854,-0.2891581296720742,-0.650515948632304,-0.7775443258432293,-0.22483326299796202,-0.028306856298380898,0.2898511294163425,676,0,False,
0.4,0.0,0.6,0.5,1.5,2.5,-1.01298452811244,-0.28143640697410843,-0.6799179245665318,-0.7486530803902013,-0.2106982330151166,-0.027009464187643828,0.2768601882670352,666,0,False,
0.4,0.0,0.6,0.5,1.5,3.0,-1.048359492496924,-0.2842189804563259,-0.7182123764226291,-0.7525375930495054,-0.21388546745158787,-0.02511103692304434,0.27303124851229643,666,0,False,
0.4,0.0,0.6,0.5,2.0,2.5,-1.0409461976039807,-0.2682637310696077,-0.7300619747138509,-0.7339839696067691,-0.19690127823199344,-0.022832879073990217,0.24771790074293265,557,0,True,exposicao<25%
0.4,0.0,0.6,0.5,2.0,3.0,-1.085823083834851,-0.27185096692543825,-0.7799064684071901,-0.7356474329667195,-0.19998646596821923,-0.02065167812763131,0.24359381660476975,566,0,True,exposicao<25%
0.4,0.0,0.6,0.5,2.5,3.0,-1.1272124346316172,-0.26073397878526583,-0.8342344125845529,-0.7405076907905264,-0.19307551654090327,-0.021499155360200244,0.23034576621649733,499,0,True,exposicao<25%
0.4,0.0,0.6,1.0,1.5,2.0,-0.7023072518833308,-0.21635392214999966,-0.39297939495920786,-0.6639971032566778,-0.14365837758582056,-0.03216937239985244,0.19799751569730095,504,0,True,exposicao<25%
0.4,0.0,0.6,1.0,1.5,2.5,-0.7010902964249415,-0.2040274938040058,-0.40212621543607124,-0.6276007770567387,-0.12804781365233298,-0.03087070081824473,0.18500875847883627,494,0,True,exposicao<25%
0.4,0.0,0.6,1.0,1.5,3.0,-0.7387375158584556,-0.20757517677775625,-0.4385622487132731,-0.6338270403255479,-0.13156675994209766,-0.028972689164105808,0.1811802084908963,494,0,True,exposicao<25%
0.4,0.0,0.6,1.0,2.0,2.5,-0.725536763642629,-0.20899726806915764,-0.4487937565285506,-0.5620946789307245,-0.11747625229273173,-0.025297223524750743,0.15595256952343398,426,0,True,exposicao<25%
0.4,0.0,0.6,1.0,2.0,3.0,-0.7744080329109637,-0.212353797415098,-0.4978777611198573,-0.569165391243329,-0.12086443218777088,-0.023115955680999747,0.15182908859945726,435,0,True,exposicao<25%
0.4,0.0,0.6,1.0,2.5,3.0,-0.7918960919849574,-0.1990857291010958,-0.5290460329780401,-0.5599858061009948,-0.1114851824938814,-0.02231704463200363,0.1395527821954229,380,0,True,exposicao<25%
0.4,0.0,0.6,1.5,2.0,2.5,-0.6820834947204187,-0.19950756940413902,-0.4294306679109916,-0.4918842027928577,-0.09813462172749565,-0.02393943899093665,0.09385778559533771,331,0,True,exposicao<25%
0.4,0.0,0.6,1.5,2.0,3.0,-0.7402119889906584,-0.20316207628367394,-0.48857124015400927,-0.5000977527922759,-0.10160089780207826,-0.02175783021557177,0.08973473365363717,340,0,True,exposicao<25%
0.4,0.0,0.6,1.5,2.5,3.0,-0.7701061955144901,-0.19272619259844084,-0.540134047627932,-0.4757401609503008,-0.09168758988612091,-0.020322460235082856,0.07654526556660993,314,0,True,exposicao<25%
0.4,0.0,0.6,2.0,2.5,3.0,-0.7748637144086795,-0.21491965184577574,-0.5752847782883765,-0.3918999939711968,-0.08422701026265123,-0.014288271498719708,0.04750813016467454,175,0,True,exposicao<25%
0.4,0.2,0.4,0.5,1.0,1.5,-1.0096281128475646,-0.3689831331008559,-0.6714528825263979,-0.9011574741459119,-0.3325119082276121,-0.055247724766236676,0.4321417861816458,644,3,False,
0.4,0.2,0.4,0.5,1.0,2.0,-0.9351409200293725,-0.31998396541906055,-0.5991455673957836,-0.8528902836985849,-0.2729112150452607,-0.03648321535685333,0.38722433455641286,611,0,False,
0.4,0.2,0.4,0.5,1.0,2.5,-0.9460532334977483,-0.31335629043244867,-0.6117872016668423,-0.8358928573276709,-0.26193228497117904,-0.032735016510242125,0.3732819998688575,578,0,False,
0.4,0.2,0.4,0.5,1.0,3.0,-0.9596737157844681,-0.31735842753841126,-0.6344620267712296,-0.8379485158534901,-0.2659300233494091,-0.03547999808764912,0.3736731206002703,545,0,False,
0.4,0.2,0.4,0.5,1.5,2.0,-1.0131411697710062,-0.30187725552107425,-0.6688017013513848,-0.8192384643228003,-0.24730945922706649,-0.043633215279308905,0.32503750999645414,573,0,False,
0.4,0.2,0.4,0.5,1.5,2.5,-1.0719186457077545,-0.30269269580917324,-0.7297303643993285,-0.8010218100049947,-0.24246345107235523,-0.039652402802667554,0.31044783851753144,560,0,False,
0.4,0.2,0.4,0.5,1.5,3.0,-1.064732814512081,-0.2960961785539708,-0.7312603026874731,-0.7901114854956118,-0.23394899148685178,-0.037597627916731574,0.3062514547608476,533,0,False,
0.4,0.2,0.4,0.5,2.0,2.5,-0.9724900088059464,-0.2650388575669405,-0.6427183871828654,-0.7211676564457332,-0.19113745177860497,-0.025841434507573608,0.2676741126980161,471,0,False,
0.4,0.2,0.4,0.5,2.0,3.0,-1.0002522110689998,-0.2629417118308438,-0.6855510983529604,-0.7163065882819197,-0.1883468805185594,-0.021853299242596196,0.261652194157747,459,0,False,
0.4,0.2,0.4,0.5,2.5,3.0,-1.0818547278810602,-0.2645463072372826,-0.7712546357387685,-0.7155934911903719,-0.1893076155774478,-0.0199462602837121,0.24731261810737173,410,0,True,exposicao<25%
0.4,0.2,0.4,1.0,1.5,2.0,-0.7858806567994789,-0.25369730184183964,-0.461256079641689,-0.70609449399164,-0.17913426797105814,-0.05676007319010788,0.22596403109653104,442,0,True,exposicao<25%
0.4,0.2,0.4,1.0,1.5,2.5,-0.8332447036226059,-0.25080994929603073,-0.511522502616048,-0.6932113327382279,-0.17386429921550883,-0.05278218444154595,0.21138232151283665,429,0,True,exposicao<25%
0.4,0.2,0.4,1.0,1.5,3.0,-0.8162641303850081,-0.24451816537731627,-0.5059849881764289,-0.6730854472389065,-0.16458161870102783,-0.05073055332533412,0.20718942640596397,402,0,True,exposicao<25%
0.4,0.2,0.4,1.0,2.0,2.5,-0.664217695824794,-0.20361313212425475,-0.3820672976008309,-0.5761995008571507,-0.11732178509795665,-0.036461553456572544,0.16912589091866378,371,0,True,exposicao<25%
0.4,0.2,0.4,1.0,2.0,3.0,-0.6826378423877446,-0.20345459867789006,-0.41465141316162657,-0.5616975665041665,-0.11427995297145266,-0.03247661542903954,0.16310756414261504,359,0,True,exposicao<25%
0.4,0.2,0.4,1.0,2.5,3.0,-0.7221751880662036,-0.19539121334496026,-0.46064086798694803,-0.5594099999094946,-0.10930379863962025,-0.02707859957529338,0.1474253588859984,317,0,True,exposicao<25%
0.4,0.2,0.4,1.5,2.0,2.5,-0.6203355406350253,-0.19655868989686648,-0.3459170979039737,-0.47523505212283856,-0.09341157923833421,-0.0431102619305445,0.1087882148244488,288,0,True,exposicao<25%
0.4,0.2,0.4,1.5,2.0,3.0,-0.6464826745482128,-0.19638972337948218,-0.38562899269234613,-0.45966207797050684,-0.09027290834066581,-0.03912640495221282,0.10277138658012545,276,0,True,exposicao<25%
0.4,0.2,0.4,1.5,2.5,3.0,-0.7390614508651983,-0.1911296062917714,-0.4748799350427879,-0.46366648696446233,-0.08862039310420644,-0.03375842515837628,0.0867096053988759,254,0,True,exposicao<25%
0.4,0.2,0.4,2.0,2.5,3.0,-0.3633590845337123,-0.1365721528932513,-0.19589531305875027,-0.27313657035956385,-0.037302849447884645,-0.018373721910213674,0.04619051855747329,155,0,True,exposicao<25%
0.4,0.4,0.2,0.5,1.0,1.5,-0.921365845790011,-0.36538788908304237,-0.585353106170874,-0.918119834907349,-0.3354698684020676,-0.06687659128785695,0.47469482074034686,556,4,False,
0.4,0.4,0.2,0.5,1.0,2.0,-0.8907967812968911,-0.32223405784402,-0.5367618098869784,-0.877879271622152,-0.28288259999195864,-0.05676696790082612,0.43286813089548626,508,1,False,
0.4,0.4,0.2,0.5,1.0,2.5,-0.8147240731139493,-0.28233289296009423,-0.45984822341529974,-0.8259078754423864,-0.23318095979217413,-0.047470883828498726,0.4127024650166673,473,1,False,
0.4,0.4,0.2,0.5,1.0,3.0,-0.853416901114535,-0.2935486316723729,-0.5092321847384592,-0.8263184240345375,-0.24256464270101008,-0.05076764702994727,0.41161341146885144,436,1,False,
0.4,0.4,0.2,0.5,1.5,2.0,-1.0396681552794542,-0.34217530914434346,-0.7187187752702278,-0.8829789906993882,-0.30213360911052356,-0.05291250907661171,0.35688228563859775,454,0,False,
0.4,0.4,0.2,0.5,1.5,2.5,-0.9913198736337341,-0.3022980266186471,-0.6608224689053077,-0.8311694118665951,-0.2512608729930532,-0.04106659585932921,0.33427426296140944,436,0,False,
0.4,0.4,0.2,0.5,1.5,3.0,-1.0810269269720518,-0.32056329480215895,-0.7833250636694258,-0.8369282349865421,-0.26828847252024146,-0.04027512266145862,0.3290992733264375,404,0,False,
0.4,0.4,0.2,0.5,2.0,2.5,-0.9985163921392894,-0.2768205784023569,-0.650212300072924,-0.757863902635683,-0.20979232387787727,-0.034998082555693,0.2862787915037212,344,0,False,
0.4,0.4,0.2,0.5,2.0,3.0,-1.1282260022986252,-0.2959363063758211,-0.8122638481686136,-0.7714197704564139,-0.22829111753415487,-0.033238022360127774,0.2798469883613244,325,0,False,
0.4,0.4,0.2,0.5,2.5,3.0,-1.1874266757197736,-0.29708048364298484,-0.8809280267748144,-0.7612540796967191,-0.22615373017149665,-0.03259218441789692,0.2658024638045277,284,1,False,
0.4,0.4,0.2,1.0,1.5,2.0,-0.6273196917196197,-0.22384715527552357,-0.31552046781582416,-0.7640312358267591,-0.17102621868146273,-0.07119008903766434,0.2611134748088192,439,0,False,
0.4,0.4,0.2,1.0,1.5,2.5,-0.4754278226545857,-0.16748677869010148,-0.19891953672098434,-0.6603238351964238,-0.11059551204934248,-0.05934209849219436,0.23850780352467763,421,0,True,exposicao<25%
0.4,0.4,0.2,1.0,1.5,3.0,-0.5766678894445157,-0.19480629122885798,-0.3052184603159262,-0.6715423376025088,-0.1308206721915024,-0.05855200720350385,0.23333393148721998,389,0,True,exposicao<25%
0.4,0.4,0.2,1.0,2.0,2.5,-0.3559499325710345,-0.12650133758468854,-0.11952285534319043,-0.5246877245816437,-0.0663736989738446,-0.04729316494680564,0.1949696197849141,356,0,True,exposicao<25%
0.4,0.4,0.2,1.0,2.0,3.0,-0.49658117126331713,-0.16030874867940925,-0.2520968496744586,-0.5504004870454916,-0.08823401335080017,-0.04553045479347594,0.18854192443958268,337,0,True,exposicao<25%
0.4,0.4,0.2,1.0,2.5,3.0,-0.3063182174287398,-0.10682137152634359,-0.11321711012437682,-0.4338213012824743,-0.046341386400337026,-0.035498257116639,0.16799092945776717,298,0,True,exposicao<25%
0.4,0.4,0.2,1.5,2.0,2.5,-0.6193977901417628,-0.18156521603655623,-0.33285412213360654,-0.5822483693235225,-0.10571605096315795,-0.04578885656713664,0.12051425402464647,273,0,True,exposicao<25%
0.4,0.4,0.2,1.5,2.0,3.0,-0.786526616351435,-0.21107638269097098,-0.5105000022770323,-0.600023103071176,-0.12665070612727547,-0.04403041940829333,0.11409195089793246,254,0,True,exposicao<25%
0.4,0.4,0.2,1.5,2.5,3.0,-0.5602046415378144,-0.15269598630063394,-0.3197987573078174,-0.4571111999334403,-0.06979904552290295,-0.032306983501423865,0.09193235035698578,232,0,True,exposicao<25%
0.4,0.4,0.2,2.0,2.5,3.0,-0.18484331802072862,-0.08107299591903729,-0.0494240921704127,-0.21527870891743028,-0.017453289889518442,-0.01969967681588334,0.04877882087856576,135,0,True,exposicao<25%
0.4,0.6,0.0,0.5,1.0,1.5,-0.7861662436112852,-0.32256712787270453,-0.41881338232844706,-0.8968245215712751,-0.2892861101290586,-0.061335915277354824,0.5022232173554402,569,4,False,
0.4,0.6,0.0,0.5,1.0,2.0,-0.792217827226732,-0.2897824029978914,-0.441359816691798,-0.854510977364985,-0.24762224440890213,-0.04417971082611561,0.4517855977250537,502,1,False,
0.4,0.6,0.0,0.5,1.0,2.5,-0.8863365285099577,-0.316060501337152,-0.542358545268202,-0.8664297516834955,-0.2738442216905097,-0.04592241847258574,0.4414367979958865,461,1,False,
0.4,0.6,0.0,0.5,1.0,3.0,-0.880775953985264,-0.30820592271117137,-0.540024470800475,-0.8554471385795365,-0.26365387467653734,-0.05043038245038428,0.433372094249876,432,2,False,
0.4,0.6,0.0,0.5,1.5,2.0,-0.7563025959928614,-0.26387692450878303,-0.4221812900958342,-0.7907694569447532,-0.208665812294062,-0.03925882806673604,0.36979277891686896,449,1,False,
0.4,0.6,0.0,0.5,1.5,2.5,-0.8328540539165845,-0.2823778750564761,-0.5014109739121902,-0.7950095860775718,-0.22449311756611334,-0.037893242566604195,0.35679306386602433,423,0,False,
0.4,0.6,0.0,0.5,1.5,3.0,-0.8023593342669956,-0.26680336713048064,-0.4777522796353451,-0.7663381335385336,-0.2044615943885687,-0.03943328385458953,0.3479396767164856,396,0,False,
0.4,0.6,0.0,0.5,2.0,2.5,-0.9544105517171811,-0.27504409295920745,-0.6395540943813572,-0.7729832444337925,-0.2126044753379578,-0.023834524878987892,0.3052772009348259,337,0,False,
0.4,0.6,0.0,0.5,2.0,3.0,-0.9218652192509329,-0.2512488298712805,-0.6004136481131047,-0.719155759451843,-0.18068704305746763,-0.02129612345534005,0.294382852451743,318,0,False,
0.4,0.6,0.0,0.5,2.5,3.0,-1.1761117423797414,-0.2967213955401609,-0.878345108143508,-0.7709123446692043,-0.22874618674938385,-0.026717022165253953,0.2834565699713837,274,1,False,
0.4,0.6,0.0,1.0,1.5,2.0,-0.3440844189166501,-0.14010562002439517,-0.07511880100249108,-0.6385849787433244,-0.08946934438509868,-0.06571205646872275,0.2681382527494485,439,1,False,
0.4,0.6,0.0,1.0,1.5,2.5,-0.4252031532070632,-0.16537758502210925,-0.14762734118464074,-0.6511820981867458,-0.10769092280775405,-0.06434733674274333,0.25514018337737243,413,0,False,
0.4,0.6,0.0,1.0,1.5,3.0,-0.3562831657399823,-0.14092942500795563,-0.10149129438941827,-0.6005327479832563,-0.08463273487172784,-0.06588527889649709,0.24628841769192786,386,0,True,exposicao<25%
0.4,0.6,0.0,1.0,2.0,2.5,-0.36841625483082674,-0.13239659123346115,-0.13705949924969443,-0.548966293482219,-0.07268126595911362,-0.045281418008749644,0.20263937625407494,337,0,True,exposicao<25%
0.4,0.6,0.0,1.0,2.0,3.0,-0.2107997790576671,-0.0794232915733293,-0.02944071529013677,-0.4418508561254887,-0.03509324937797986,-0.04274346992878002,0.19174555319796707,318,0,True,exposicao<25%
0.4,0.6,0.0,1.0,2.5,3.0,-0.4347967796956344,-0.13924957927947018,-0.2154012411969505,-0.49416543957946946,-0.06881232955589556,-0.03988243404115306,0.17727365184643434,276,0,True,exposicao<25%
0.4,0.6,0.0,1.5,2.0,2.5,-0.2086423679663095,-0.09410875775739412,-0.026918169233253318,-0.3984627128599998,-0.03749883091989581,-0.042026852423689184,0.12305725840923468,259,0,True,exposicao<25%
0.4,0.6,0.0,1.5,2.0,3.0,0.010444015535952122,0.004996750924947264,0.1127285087135919,-0.3035608959042677,0.0015168181873874698,-0.039488595117164765,0.11216114245069422,240,0,True,exposicao<25%
0.4,0.6,0.0,1.5,2.5,3.0,-0.25382150631895123,-0.10540127811036634,-0.09357180406668845,-0.3224454496178377,-0.03398616251059183,-0.03477579763328072,0.0960052091193369,213,0,True,exposicao<25%
0.4,0.6,0.0,2.0,2.5,3.0,-0.003049390336431313,-0.0014777510893631796,0.06912975544062862,-0.20537722638649447,-0.00030349642002303057,-0.016303587752169977,0.04578597754567283,120,0,True,exposicao<25%
0.6,0.0,0.4,0.5,1.0,1.5,-1.018405528596699,-0.36224158473669255,-0.6474603530227155,-0.8883858122448046,-0.3218102844851518,-0.048526789630608344,0.44090125188492785,610,3,False,
0.6,0.0,0.4,0.5,1.0,2.0,-1.0808461971099708,-0.35166157889006483,-0.7449104531250209,-0.8787402248424823,-0.3090191749023179,-0.042400244993026436,0.3959959966084437,586,1,False,
0.6,0.0,0.4,0.5,1.0,2.5,-1.1136406879185503,-0.3407121593712671,-0.7835941470453642,-0.8577675710064102,-0.2922518413562407,-0.03860612696650689,0.38010640636135345,558,0,False,
0.6,0.0,0.4,0.5,1.0,3.0,-1.0593954029233617,-0.32617091162930856,-0.7220362707729657,-0.8411948922408551,-0.2743733048601177,-0.03788858843411817,0.37737369422145145,528,0,False,
0.6,0.0,0.4,0.5,1.5,2.0,-1.0957688288777836,-0.3298178249171852,-0.7555947589574947,-0.8424375866162873,-0.2778509324462667,-0.04390091839098898,0.3319545979416963,559,1,False,
0.6,0.0,0.4,0.5,1.5,2.5,-1.1565805186952565,-0.3209971867775783,-0.823407127092751,-0.8139206925253379,-0.2612662525606918,-0.03737701813930758,0.3146287551467285,553,0,False,
0.6,0.0,0.4,0.5,1.5,3.0,-1.102890637877446,-0.30620383477964935,-0.7639300883889748,-0.7882155284860564,-0.2413546174552984,-0.034635037432003545,0.30989049403855967,531,0,False,
0.6,0.0,0.4,0.5,2.0,2.5,-1.1909019200266195,-0.30400621448818915,-0.8836067371404237,-0.7940514400018579,-0.24139657238386025,-0.035759786243218336,0.2733958893670161,469,0,False,
0.6,0.0,0.4,0.5,2.0,3.0,-1.1458238792445732,-0.2897999870537054,-0.8341638779101782,-0.7674327914063981,-0.22240201301416318,-0.030890755527123726,0.2665793323410381,461,0,False,
0.6,0.0,0.4,0.5,2.5,3.0,-1.2221141564048617,-0.28411375881990314,-0.9253763765360777,-0.750780713431689,-0.21330713054256567,-0.029868497431836664,0.24857540221119395,406,0,True,exposicao<25%
0.6,0.0,0.4,1.0,1.5,2.0,-0.8365940741755687,-0.2633421457864421,-0.5003265971059643,-0.7406516787038865,-0.19504480235021193,-0.044482429704530466,0.23725002593774028,415,1,True,exposicao<25%
0.6,0.0,0.4,1.0,1.5,2.5,-0.8710707425728899,-0.254179611454551,-0.5437841629118607,-0.6946721900379622,-0.17657150735213123,-0.037961082993186235,0.21992455600982724,409,0,True,exposicao<25%
0.6,0.0,0.4,1.0,1.5,3.0,-0.792519363190272,-0.23041820759081022,-0.47234369510078,-0.6700639563464506,-0.15439493579255603,-0.035221710764853364,0.21518998183001076,387,0,True,exposicao<25%
0.6,0.0,0.4,1.0,2.0,2.5,-0.8815912414375209,-0.24478819550612627,-0.5822380299090963,-0.6386391719379394,-0.1563313304782149,-0.03540550369180144,0.1790685464121812,367,0,True,exposicao<25%
0.6,0.0,0.4,1.0,2.0,3.0,-0.8075614320685552,-0.22353232745283008,-0.516158020830397,-0.6048700307207294,-0.13520800577346948,-0.030536924690932585,0.17225402723592298,359,0,True,exposicao<25%
0.6,0.0,0.4,1.0,2.5,3.0,-0.8585378383728719,-0.2124673289618835,-0.5797363518359799,-0.5848719912324079,-0.12426618976176784,-0.02617476143545512,0.15584498880474046,312,0,True,exposicao<25%
0.6,0.0,0.4,1.5,2.0,2.5,-0.7961354877071832,-0.22735649626469343,-0.5134991151430227,-0.5626648011996926,-0.1279254977722324,-0.03693279265791426,0.11679549402117508,294,0,True,exposicao<25%
0.6,0.0,0.4,1.5,2.0,3.0,-0.7087215063192837,-0.20041732087010486,-0.4391527628826051,-0.529240869676338,-0.10606903719549599,-0.03206408748870426,0.10998071321773263,286,0,True,exposicao<25%
0.6,0.0,0.4,1.5,2.5,3.0,-0.7683865253021274,-0.19720322013231334,-0.512960365595614,-0.48132433724724977,-0.09491870923320922,-0.02628965599804939,0.09337339300421565,261,0,True,exposicao<25%
0.6,0.0,0.4,2.0,2.5,3.0,-0.7143827583615824,-0.20327518628191543,-0.4946420901553684,-0.3880544000904733,-0.07888183046590791,-0.02317451209070731,0.05319769174129557,165,0,True,exposicao<25%
0.6,0.2,0.2,0.5,1.0,1.5,-0.9425567083884075,-0.36086551448507925,-0.5903253194299343,-0.9176338595696513,-0.33114241484253115,-0.07197256266672858,0.49040640355917225,489,5,False,
0.6,0.2,0.2,0.5,1.0,2.0,-0.9118495471891374,-0.32990000394651225,-0.5575172886782988,-0.890725553516958,-0.29385036362050376,-0.05261377836858845,0.4358729611435003,454,1,False,
0.6,0.2,0.2,0.5,1.0,2.5,-0.8647455819009613,-0.2994379516261817,-0.517916105883687,-0.857482812715442,-0.25676289699416877,-0.05083062029856886,0.4198209325613696,401,1,False,
0.6,0.2,0.2,0.5,1.0,3.0,-0.9494979520863303,-0.31621790170738184,-0.6189068532382812,-0.8667281928890285,-0.2740749705059995,-0.05054690806846615,0.41385610053673083,370,1,False,
0.6,0.2,0.2,0.5,1.5,2.0,-0.9915957469543265,-0.3174804486272833,-0.6319351908191161,-0.860902624890037,-0.27331975157449473,-0.06040074346875302,0.36329307830640356,434,1,False,
0.6,0.2,0.2,0.5,1.5,2.5,-0.9323067368951367,-0.2786404702593969,-0.5805250164655091,-0.8059893716529971,-0.22458125754146696,-0.05020627061339151,0.3401305875218547,401,0,False,
0.6,0.2,0.2,0.5,1.5,3.0,-1.0710768449960009,-0.3029457358330869,-0.7412745521240662,-0.8258416450364845,-0.25018520483718476,-0.049533423492463625,0.3343362363329812,373,0,False,
0.6,0.2,0.2,0.5,2.0,2.5,-0.9218307027532004,-0.26252982126427366,-0.5799148804512974,-0.7606393025133006,-0.19969050013539857,-0.03993533873966498,0.2901540764388436,344,0,False,
0.6,0.2,0.2,0.5,2.0,3.0,-1.0458555038763058,-0.2761822134323977,-0.7181345805972202,-0.7687282955827538,-0.21230908220215938,-0.036742199219649024,0.281761981381284,325,0,False,
0.6,0.2,0.2,0.5,2.5,3.0,-1.124633367925856,-0.28207989664373684,-0.8185659449969488,-0.7686306789648272,-0.2168152624796037,-0.04061601200073684,0.2679906382220604,259,0,False,
0.6,0.2,0.2,1.0,1.5,2.0,-0.7394251752645352,-0.2527948321916453,-0.39549427957868954,-0.7622451337935331,-0.1926916306862344,-0.06652996179263863,0.27877111011397526,405,1,False,
0.6,0.2,0.2,1.0,1.5,2.5,-0.6198568157277127,-0.20148678789764105,-0.3087297520281521,-0.6876305946263808,-0.13854847977141438,-0.05633836310772739,0.25561118595918925,372,0,False,
0.6,0.2,0.2,1.0,1.5,3.0,-0.7744594725263356,-0.23391958369196855,-0.4643898519853637,-0.7138780780637962,-0.16699006282750584,-0.0556672527933378,0.2498178310350664,344,0,True,exposicao<25%
0.6,0.2,0.2,1.0,2.0,2.5,-0.5552314332487386,-0.1844831550266731,-0.2711301155887998,-0.5941117160747552,-0.10960360381978185,-0.042109076486049855,0.2064751322922398,326,0,True,exposicao<25%
0.6,0.2,0.2,1.0,2.0,3.0,-0.6780991196135296,-0.20689000871775906,-0.39343438185727264,-0.5976409894586947,-0.1236459495191995,-0.03891343211412144,0.19808155699350302,307,0,True,exposicao<25%
0.6,0.2,0.2,1.0,2.5,3.0,-0.5532539477256588,-0.16687964009209857,-0.305605206228481,-0.5223006722143435,-0.0871613481989908,-0.031048341175838472,0.17629384090767009,244,0,True,exposicao<25%
0.6,0.2,0.2,1.5,2.0,2.5,-0.5727803960871629,-0.18955352745442683,-0.28689483460638254,-0.5218774338722929,-0.0989237084893575,-0.050115713145660906,0.13426520524605842,284,0,True,exposicao<25%
0.6,0.2,0.2,1.5,2.0,3.0,-0.7286334526299387,-0.21507478474855096,-0.4344245053465336,-0.5260383032708165,-0.11313757484546383,-0.046919665030287966,0.12587242321167283,265,0,True,exposicao<25%
0.6,0.2,0.2,1.5,2.5,3.0,-0.5643617064457048,-0.16489792821612842,-0.31526963777550493,-0.41763827949869514,-0.06886768703308321,-0.03503904311361467,0.10128159734559024,222,0,True,exposicao<25%
0.6,0.2,0.2,2.0,2.5,3.0,-0.34132816311803965,-0.13993618338519087,-0.15960841979336127,-0.2601999264054109,-0.03641138461828075,-0.02206696716452237,0.05540378109402533,163,0,True,exposicao<25%
0.6,0.4,0.0,0.5,1.0,1.5,-0.9886252321488861,-0.38367244872454853,-0.6345286292637612,-0.9331918081610998,-0.3580399861668583,-0.07006360131245633,0.5231201652447667,481,6,False,
0.6,0.4,0.0,0.5,1.0,2.0,-1.0203847743281713,-0.36223848711010986,-0.6871405192434208,-0.9144774360779896,-0.33125892294122317,-0.04908829984985177,0.4633917248843843,402,2,False,
0.6,0.4,0.0,0.5,1.0,2.5,-1.0389300923848415,-0.359380400485682,-0.7020514981392555,-0.9066554998090679,-0.325834216623929,-0.04984942077540436,0.449915325489306,373,1,False,
0.6,0.4,0.0,0.5,1.0,3.0,-1.038782345953888,-0.35340526366179315,-0.7068416687902633,-0.8953314364790449,-0.31641484237356887,-0.05516174489219383,0.4410527158270391,337,1,False,
0.6,0.4,0.0,0.5,1.5,2.0,-0.9523272261776555,-0.3039038887028055,-0.5969126915881519,-0.8535797014786155,-0.2594061905971311,-0.05047127915676562,0.38085072970426626,393,1,False,
0.6,0.4,0.0,0.5,1.5,2.5,-1.0185034494534173,-0.31031285769489086,-0.6605579906727345,-0.8503802524257796,-0.2638839262575463,-0.048971851103833716,0.3655430454626119,372,0,False,
0.6,0.4,0.0,0.5,1.5,3.0,-1.0470035797912287,-0.30869531397190075,-0.6965809304441084,-0.8354839321541703,-0.2579099747548098,-0.04782369475346582,0.35450238641110066,340,1,False,
0.6,0.4,0.0,0.5,2.0,2.5,-1.0388652058609333,-0.2851632313090763,-0.7016732171194082,-0.7970062121234107,-0.2272768668225189,-0.03209338872696448,0.30407618617166005,276,0,False,
0.6,0.4,0.0,0.5,2.0,3.0,-1.1020362993500976,-0.2848952226479401,-0.7761113983594395,-0.7816761903945283,-0.22269581230104274,-0.029335767015839127,0.29313286387744814,251,0,False,
0.6,0.4,0.0,0.5,2.5,3.0,-1.2752500820569916,-0.31428323677926523,-0.9814884376424318,-0.8101635449938169,-0.25462082124122065,-0.03492260570482583,0.2818072273860561,220,1,False,
0.6,0.4,0.0,1.0,1.5,2.0,-0.6346162494858013,-0.21929503695413363,-0.30793061393139204,-0.7435008152383513,-0.16304603875312274,-0.06959162956607183,0.2932039099186378,394,1,False,
0.6,0.4,0.0,1.0,1.5,2.5,-0.692442300469075,-0.22779185108554237,-0.36122440198334593,-0.7379838553668185,-0.16810670848525278,-0.06809234937506112,0.2778968668468388,373,0,False,
0.6,0.4,0.0,1.0,1.5,3.0,-0.7042734156557814,-0.22665564348713518,-0.38201381089896447,-0.7118955044907715,-0.16135513366595455,-0.06694518571522821,0.26685710417307246,341,1,False,
0.6,0.4,0.0,1.0,2.0,2.5,-0.645459914300165,-0.19879616793789254,-0.3531766667427448,-0.6467508053277262,-0.1285715817098979,-0.04536388953080288,0.21656634511019018,287,0,True,exposicao<25%
0.6,0.4,0.0,1.0,2.0,3.0,-0.6830019550693787,-0.19903040426355534,-0.4014298066239289,-0.6200959085540645,-0.1234179393616921,-0.04260865468025674,0.205626031512916,262,0,True,exposicao<25%
0.6,0.4,0.0,1.0,2.5,3.0,-0.824854568004269,-0.2211660580802129,-0.5432215232472019,-0.6352988885172403,-0.14050655087609865,-0.0389444084711604,0.18905150736481507,231,0,True,exposicao<25%
0.6,0.4,0.0,1.5,2.0,2.5,-0.2753306911802442,-0.10826516613078596,-0.07019474326822986,-0.43413844350771325,-0.04700207071012341,-0.04826652323391826,0.13583114894632256,262,0,True,exposicao<25%
0.6,0.4,0.0,1.5,2.0,3.0,-0.278057723283623,-0.10758372182094503,-0.08917706606655047,-0.38435911431695036,-0.041350784034019594,-0.04550963449488107,0.12489185836297167,237,0,True,exposicao<25%
0.6,0.4,0.0,1.5,2.5,3.0,-0.35710581182778767,-0.11884460781825446,-0.16246434226093234,-0.3888134667649934,-0.04620838397214155,-0.039700643590036,0.10645679981648892,214,0,True,exposicao<25%
0.6,0.4,0.0,2.0,2.5,3.0,-0.09991056382827145,-0.04408867835714115,0.005330928446866446,-0.23838509576073563,-0.010510083812131366,-0.018602490141020694,0.048284137950897206,117,0,True,exposicao<25%
0.8,0.0,0.2,0.5,1.0,1.5,-1.0294688007498218,-0.37788194263298275,-0.6645533692401766,-0.9222808608137967,-0.34851328333753706,-0.06526690821883555,0.505355150786622,498,5,False,
0.8,0.0,0.2,0.5,1.0,2.0,-1.0548525859529072,-0.3667417450488241,-0.6969120659373488,-0.9126872173939136,-0.33472050279079935,-0.06053844885055154,0.4575436229891136,458,3,False,
0.8,0.0,0.2,0.5,1.0,2.5,-1.0347533415668388,-0.3333971463486712,-0.6769398331662039,-0.8764904153758342,-0.29221940328826457,-0.052475885401644294,0.4330303605909263,435,0,False,
0.8,0.0,0.2,0.5,1.0,3.0,-1.137133205800564,-0.35386214845780417,-0.8014064534287701,-0.8963026141883066,-0.3171675687250205,-0.06506715591381766,0.4365505399083599,399,1,False,
0.8,0.0,0.2,0.5,1.5,2.0,-0.9679654746068962,-0.31777206052521967,-0.5999344718037751,-0.8536962816107487,-0.2712808264701658,-0.06813395599338329,0.37754808479906987,401,3,False,
0.8,0.0,0.2,0.5,1.5,2.5,-0.9429886497408956,-0.28718433676618155,-0.583062179914117,-0.7885695807421959,-0.22646483203943335,-0.05367068022528704,0.35110882381529346,398,0,False,
0.8,0.0,0.2,0.5,1.5,3.0,-1.0632310832016412,-0.305478687324994,-0.724960219830211,-0.8171964963892212,-0.24963611300356348,-0.05239372765706887,0.3444706624852904,364,1,False,
0.8,0.0,0.2,0.5,2.0,2.5,-1.0111259565015482,-0.28445166224547425,-0.6632903935042004,-0.7902723653985871,-0.2247942879642909,-0.05373990025075842,0.30538007190002037,338,0,False,
0.8,0.0,0.2,0.5,2.0,3.0,-1.151341843196687,-0.30135456235335417,-0.8320915878415374,-0.8101638529085377,-0.24414657332775958,-0.048632412669191674,0.2962303077784192,314,0,False,
0.8,0.0,0.2,0.5,2.5,3.0,-1.1161213459049677,-0.27568331061599616,-0.7922858816899222,-0.7318657403387258,-0.20176317022300694,-0.04285614248108559,0.2707370903375669,279,0,False,
0.8,0.0,0.2,1.0,1.5,2.0,-0.8451092255697075,-0.286222579814307,-0.4822793985210602,-0.7901102502158257,-0.22614739415450125,-0.058380816589260635,0.2920623281917092,406,3,False,
0.8,0.0,0.2,1.0,1.5,2.5,-0.7926576813703919,-0.2526444413185025,-0.4480816664805306,-0.706693663916077,-0.17854222590340285,-0.04391253553206002,0.2656175908084391,403,0,False,
0.8,0.0,0.2,1.0,1.5,3.0,-0.9254755500590635,-0.2710992976714827,-0.5926685219271479,-0.7493448574384878,-0.2031468645653114,-0.04263171144594665,0.2589767666039835,369,1,False,
0.8,0.0,0.2,1.0,2.0,2.5,-0.8583991055735888,-0.25424785938720673,-0.5233069174555585,-0.6975376363894554,-0.1773474508940308,-0.04203462904867739,0.22131653452453345,351,0,True,exposicao<25%
0.8,0.0,0.2,1.0,2.0,3.0,-1.012152318749037,-0.2724429870229252,-0.6960211407370629,-0.7263024367368222,-0.19787600534660899,-0.036922526320367625,0.21216326731195662,327,0,True,exposicao<25%
0.8,0.0,0.2,1.0,2.5,3.0,-0.9095717065019584,-0.23618796265731984,-0.6021637151881721,-0.615317777146545,-0.14533065217107322,-0.027501045461270697,0.1868473237143846,295,0,True,exposicao<25%
0.8,0.0,0.2,1.5,2.0,2.5,-0.6089905462471492,-0.21605734621130152,-0.31920290484892627,-0.5318294482105275,-0.11490565921738738,-0.04954899355150163,0.1425623383186286,269,0,True,exposicao<25%
0.8,0.0,0.2,1.5,2.0,3.0,-0.7763654519260293,-0.23768940268480523,-0.49100778052651173,-0.5763563263536677,-0.13699379094461195,-0.044436742509598046,0.13341064909174227,245,0,True,exposicao<25%
0.8,0.0,0.2,1.5,2.5,3.0,-0.5895004116262246,-0.20504417589298754,-0.34550571315973383,-0.3927593856012307,-0.08053302454484046,-0.031314678635861466,0.10857689727064566,233,0,True,exposicao<25%
0.8,0.0,0.2,2.0,2.5,3.0,-0.6353782563280113,-0.20741213837771388,-0.3961517742161029,-0.3874791040840164,-0.08036786955474662,-0.02809861716290164,0.0650178422665109,169,0,True,exposicao<25%
0.8,0.2,-0.0,0.5,1.0,1.5,-0.9331477643631807,-0.36739509277168664,-0.5698174593227557,-0.9347690994114481,-0.343429579998375,-0.07191031720373854,0.5484655485791639,403,8,False,
0.8,0.2,-0.0,0.5,1.0,2.0,-1.0197298008844793,-0.36462256865467,-0.6817014174399552,-0.9243250839266094,-0.33702978637326375,-0.05309863953495836,0.48285051916635413,363,2,False,
0.8,0.2,-0.0,0.5,1.0,2.5,-1.0421118121925452,-0.356056610641818,-0.7006015501544689,-0.913639017924082,-0.32530721207216784,-0.05513809983717378,0.46397659930862145,326,1,False,
0.8,0.2,-0.0,0.5,1.0,3.0,-1.0565899795128106,-0.35662571358725825,-0.7231785618802857,-0.9102435358634007,-0.3246162505154744,-0.06106345070155919,0.45902298332542646,291,1,False,
0.8,0.2,-0.0,0.5,1.5,2.0,-0.7229668526122827,-0.25318398136514436,-0.3743129761210914,-0.822280328091167,-0.20818820726435883,-0.05843694383099461,0.395677421470799,350,2,False,
0.8,0.2,-0.0,0.5,1.5,2.5,-0.6886327335341428,-0.2298176017976658,-0.3522248500149942,-0.7748851231143589,-0.17808224066283096,-0.052066700618237434,0.3717853069702495,318,0,False,
0.8,0.2,-0.0,0.5,1.5,3.0,-0.71682557952779,-0.2361228680759669,-0.38624601300303657,-0.7713280884186329,-0.1821282004649606,-0.053009940362784405,0.36725537855121154,285,0,False,
0.8,0.2,-0.0,0.5,2.0,2.5,-0.9176474488912871,-0.26193464522569576,-0.5908589251310319,-0.7980056900974054,-0.2090253373237504,-0.03811026643546198,0.3107784794777574,269,0,False,
0.8,0.2,-0.0,0.5,2.0,3.0,-0.9719863757978404,-0.2674528878693405,-0.6575542956913053,-0.790879343485871,-0.2115229643715043,-0.033952926610017094,0.30237227329718525,240,0,False,
0.8,0.2,-0.0,0.5,2.5,3.0,-1.1320853010400853,-0.29281184800931354,-0.8450332407277755,-0.802899320774862,-0.23509843388150997,-0.038736305577651314,0.2825767872697823,199,1,False,
0.8,0.2,-0.0,1.0,1.5,2.0,-0.6775199721720668,-0.23768291003484948,-0.3339989376863875,-0.7777134523132004,-0.18484919651905063,-0.06815765070526959,0.3230758974494867,350,2,False,
0.8,0.2,-0.0,1.0,1.5,2.5,-0.6367630908520214,-0.21416547752757648,-0.30812542291826384,-0.7184500663398303,-0.15386720153738875,-0.06178943915321576,0.2991842675494223,318,0,False,
0.8,0.2,-0.0,1.0,1.5,3.0,-0.6673384787770433,-0.22132088744866601,-0.34328790102818046,-0.7139817527187468,-0.15801907513386704,-0.06273409343135339,0.2946581462681412,285,0,False,
0.8,0.2,-0.0,1.0,2.0,2.5,-0.8873494356844595,-0.24742960267360456,-0.5576965883243737,-0.7422652573441766,-0.18365839770309045,-0.044953571386094855,0.23579726991899908,273,0,True,exposicao<25%
0.8,0.2,-0.0,1.0,2.0,3.0,-0.9514545309206373,-0.2540094920744677,-0.6320708449789701,-0.7331642307459116,-0.18623067385893688,-0.0407968751773863,0.22739294151239084,244,0,True,exposicao<25%
0.8,0.2,-0.0,1.0,2.5,3.0,-1.0164277820149652,-0.2514410480929936,-0.7039792567870564,-0.6894465714371169,-0.17335516852626964,-0.03606717919762107,0.20282394675911977,204,0,True,exposicao<25%
0.8,0.2,-0.0,1.5,2.0,2.5,-0.20891438725944705,-0.0854612055615591,-0.015850955311766265,-0.45437407799116647,-0.038831356481046964,-0.05210000616804361,0.15122516503785616,253,0,True,exposicao<25%
0.8,0.2,-0.0,1.5,2.0,3.0,-0.24156522640125558,-0.09271321292624354,-0.052935606650954835,-0.4514421199450611,-0.041854649390341225,-0.047942852515619964,0.14282014333202098,224,0,True,exposicao<25%
0.8,0.2,-0.0,1.5,2.5,3.0,-0.08400423392734453,-0.03058322624379191,0.040317475294254675,-0.38608108378383144,-0.011807605133809296,-0.03878658578487419,0.11702500458924593,189,0,True,exposicao<25%
0.8,0.2,-0.0,2.0,2.5,3.0,-0.41793767964728057,-0.13100397269886577,-0.22630834260863106,-0.3879625774767449,-0.050824638907945086,-0.022345837807183886,0.0550519051720738,140,0,True,exposicao<25%
1.0,0.0,0.0,0.5,1.0,1.5,-1.0789180421853657,-0.4346314929199196,-0.7593081880533593,-0.954339484125389,-0.4147859947378437,-0.0710483003029005,0.5851311999344526,357,8,False,
1.0,0.0,0.0,0.5,1.0,2.0,-1.1516534067633009,-0.41952101386840734,-0.8432676513824122,-0.9435262385199349,-0.3958290841953278,-0.06172250793543377,0.5148618172172578,331,4,False,
1.0,0.0,0.0,0.5,1.0,2.5,-1.1345185432871825,-0.3832084934971454,-0.82232748915574,-0.9142048111979562,-0.350331048447011,-0.06615045945916985,0.4846145885262376,286,1,False,
1.0,0.0,0.0,0.5,1.0,3.0,-1.1881046287438695,-0.3985371653697801,-0.8995405555062981,-0.9229331312674722,-0.3678231539611936,-0.07064191362040245,0.4855586366472991,262,2,False,
1.0,0.0,0.0,0.5,1.5,2.0,-1.0274913113768076,-0.3516809118674141,-0.6898321726566312,-0.891248638734762,-0.31343513397083267,-0.06198055837998629,0.4308207852325746,326,4,False,
1.0,0.0,0.0,0.5,1.5,2.5,-0.9392472327292966,-0.30260862809713984,-0.600339250529444,-0.8218600999769246,-0.24870195734179534,-0.05578545122035402,0.39950770654491274,284,0,False,
1.0,0.0,0.0,0.5,1.5,3.0,-1.0267350981081311,-0.32453066129665675,-0.7078479691572015,-0.8454264638467204,-0.27436680938987024,-0.052386739815141775,0.39275605822640663,260,1,False,
1.0,0.0,0.0,0.5,2.0,2.5,-1.008563986439902,-0.29109779156660387,-0.6706894572726566,-0.7889266502448445,-0.22965480559431273,-0.04885886196643161,0.33526702120814406,242,0,False,
1.0,0.0,0.0,0.5,2.0,3.0,-1.106018856936872,-0.3048391640543469,-0.7827147614893382,-0.8041013332141773,-0.24512157823199565,-0.042581478865225925,0.3257284605562536,222,0,False,
1.0,0.0,0.0,0.5,2.5,3.0,-0.9965186821801915,-0.2585182643222778,-0.6687172119544574,-0.6951664624910231,-0.17971322729823713,-0.04660808159593136,0.2878271003363588,175,0,False,
1.0,0.0,0.0,1.0,1.5,2.0,-1.0506821051266635,-0.35255226969744446,-0.7161715964128309,-0.8857296561512898,-0.3122660006144743,-0.06401690508834146,0.35297972855274945,336,4,False,
1.0,0.0,0.0,1.0,1.5,2.5,-0.9675682968823229,-0.3043487127826273,-0.6307314299036145,-0.8129340869479633,-0.24741544293973305,-0.05782195614116617,0.32166704620125747,294,0,False,
1.0,0.0,0.0,1.0,1.5,3.0,-1.0576807011485654,-0.32604771746058664,-0.7429771710387327,-0.837680956404368,-0.27312396379584536,-0.05442313614585876,0.31491555758845846,270,1,False,
1.0,0.0,0.0,1.0,2.0,2.5,-1.0760280887477587,-0.2980160824487385,-0.739328326455667,-0.7822435697826057,-0.23312116418732853,-0.049346154052392496,0.25564148508346407,259,0,False,
1.0,0.0,0.0,1.0,2.0,3.0,-1.1820090553550369,-0.3114658894494681,-0.8635365222833741,-0.7978983760090451,-0.2485181273739434,-0.04306871637448584,0.24610296338897225,239,0,True,exposicao<25%
1.0,0.0,0.0,1.0,2.5,3.0,-1.0578961610632691,-0.26113190241544987,-0.7272496518982392,-0.6690806576681672,-0.17471830500626884,-0.04080008137667368,0.21111425439524475,193,0,True,exposicao<25%
1.0,0.0,0.0,1.5,2.0,2.5,-0.7317718826684312,-0.23703617761089477,-0.4318845336919096,-0.6124700493249633,-0.14517755939314547,-0.05049201310457488,0.1737962329181259,247,0,True,exposicao<25%
1.0,0.0,0.0,1.5,2.0,3.0,-0.8482478329612855,-0.25197118033378285,-0.5526650620153146,-0.644283369519598,-0.16234084108727986,-0.04421443905296094,0.16425767005319664,227,0,True,exposicao<25%
1.0,0.0,0.0,1.5,2.5,3.0,-0.59329779193953,-0.19516592811130193,-0.34919942823256,-0.43191620517762386,-0.08429532704980247,-0.03529354551969098,0.13121455730990483,184,0,True,exposicao<25%
1.0,0.0,0.0,2.0,2.5,3.0,-0.6441799327484323,-0.20586132421771494,-0.3990500355017062,-0.3774337555432975,-0.07769901272060853,-0.02730936380835715,0.06644910802627904,141,0,True,exposicao<25%
